pour mon alliance,0
Montagne russe ici :D,0
ok bonne nouvelle alors :D,0
"Ouais mais le jury est payé, comme tous leurs supporters x)",0
non on est de toutes les planètes ^^,0
donne pass metha contre pass kalio,0
Hello ,0
ca vas flames ?,0
"Par contre les gars, faut être au taquet pour la défenser parce que quand les boucliers vont tomber, ça va attaquer de partout",0
"J'ai un superviseur de carmen , quelqu'un sait a quoi sa sert a part l'attaquer ? ^^ 
",0
bizoir,0
Coucou mon cochon :p,0
"je suis le numero 69 de la planete LOL
j'ai rejoin Alba le premier hier juste apres la fermuture du live j'etiat le numero 1 dans le monde et ensuite le serveur a commencer a lagger",0
o/,0
"Bonjour lemalin,

J'ai bien reçu ta demande, peux-tu s'il te plait venir sur notre forum nous donner tes ambitions sur le jeu et pourquoi tu voudrais rejoindre la Confédération Minière ? Notre forum est ici : http://confminiere.forumactif.org/f2-candidatures

A bientôt ! :-)

Morgan",0
"Bonjour, suite aux attentats d'hier soir, je pense qu'il serait bien de faire une minute de silence en hommage aux 127 victimes !",0
Err :510,0
Neeed,0
(+ bases d'Hishi ^^),0
"ouaip, alors, ta base en est ou? ^^",0
"tu as un tuto sur les recherches tu l'as fait ?
j'ai pris les promethée",0
hello world,0
Salut a tous,0
coucou ma caille,0
Et Gibus était 2ème moi 3ème cette nuit ^^,0
"Hum, si ça commence a faire beaucoup d'alliance ça ^^",0
cherche une personne pour échanger un pass Métha contre Z42,0
"Bien le bonsoir a vous, amis.",0
"Justement, on sait pas. Lis le lore de la planète, c'est intriguant ^^",0
"Je cite : "" Les Superviseurs pourront être conquis par les Alliances par la suite. Ils permettent de prélever des Impôts sur les Bases dans la Zone d'influence du Superviseur ""
",0
"j'ai aussi un ami proche de toi (number6406), on va voir voir pour s'allier, si ça se fait on te proposera peut-être de nous rejoindre aussi si tu veux bénéficier d'une alliance rapidement ^^",0
j'attend les ordres des grand  patron tu sais ^^,0
woolies je suis allez sur help mais il est dead^^,0
Salut :D,0
"Lu, je suis ton voisin, je sais pas pour toi, mais je prévois pas d'attaquer mes voisins proches, je préfère en faire des alliés, donc j'espère qu'on entretiendra de bonnes relations ! ;)",0
J'ai qu'un billet ca va etre dur,0
"ouffff, t'es en avance!!!!!

Bon ben moi je vais me coucher, avec un beau retard visiblement, j'essaierai de rattraper ça demain ;)

bonne nuit!",0
Je suis un paradoxe paradoxlament paradoxal.,0
"Coucou, tu vas bien ? 
Serena de la fyw sur fourmizzz?",0
d'accord moi aussi,0
il faut les mp ?,0
oh gg :p,0
fulguropoing....ca t apprendra :p,0
Nul ce jeu ^^,0
et le remboursement de flotte sur le bug houds il arrive quand XD,0
,0
on est déjà 168 sur la planète ^^,0
"Ca se passe très bien, malgré des ralentissements et les bâtiments qui ont un peu de mal à se terminer.",0
"je vais scanner un mec juste en dessous de toi, faudrait sympathiser avec lui aussi histoire d'éviter les conflits",0
ok ;),0
La fourchette entre les bonnus et malus est de combien ?,0
Echange Pas METAH CHRONOS ou Z42 contre un pass KALIO,0
Bienvenue à toi:p,0
Bonsoir les insectes,0
C'est moi qui vais être le principal acteur de parole :D,0
l,0
"tout est possible, si t'utilises un peu ta tête x)",0
slt*,0
Bonjour.,0
moroo libre !!!!!,0
:D,0
salut,0
"J'ai 30 ans depuis le mois d'Avril :( :'(
",0
"promethe
",0
oki,0
"Ok, merci Nebula :)",0
"j'ai renvoyé une attaque avec 95 Mikron, j'ai tout laissé par defaut cette fois ci ... juste attaque ... impact dans 29minutes , on verra bien ... question : y a un moyen de linker le RC à un autre joueur ?",0
Grâce a .... a     herofestival  ;),0
Qui est sur Thorus,0
on s'en fous,1
Ou vous continuez a faire vos couilles molles et pas assumer ?,1
#Black2fragile,1
je reste debout parce que quand jme met à genoux c'est pas pour prier,1
http://cursors.io/,1
et ds les games jte karrys ton boule donc stfu noob,1
y a des guignols qui m'énerve j'y peux rien,1
un jour vous aurez les couilles de déclarer une guerre et pas de TP un base a 5H du mat,1
ta gueeeeeeeeeeule,1
oui bousiller les denssifieurs entre autres,1
c'est tjrs des barbouzes de ton genre Spectre54 & co qui foutent la merde et qui se plaignent que ça pue après,1
"non, puisque visiblement, te parlant, je suis actif (sa aide vraiment pas, la consanguinité, hein?) je parle notament de jealoan, qui a une attaque groupée en cours, dirigée sur lui, alors qu'il ne joue plus",1
Faut pas trop s'astiquer mon poussin.,1
tien la menteuse tricheuse et j en passe qui revient cool,1
ben ten que je peut niquer sa mere a lempereur moi jsuis content !,1
Putain mais Azertyuis arrête avec ton spam de merde.,1
tu sais je suis pas un noob comme toi quand je dis un truc je m'y tiens et ça prendra le temps qu'il faudra,1
"C'est bon pour la santé, mais tu vas t'user très vite le manche.... celui qui contrôle la capitale.",1
#NostoPedo !!,1
ma bite est un troll pourtant je la feed,1
tu pend vraiment les gens pour des cons,1
#NostoRoux,1
AUCUN RESPECT WTF ?,1
ECHANGE UNE FILLE CONTRE NOSTO DANS L ALLIANCE (FUTUR EMPEREUR),1
Ce doux arôme venu d'un petit cul grillé.,1
JEU DE MERDE !!!,1
"Mano, je te fais le doigt de l'honneur, que puisse ton affrontement être glorieux !",1
ses un missile canibale triple andouille,1
http://www.cromimi.com/,1
tu ne nous fait pas ch*** on s'en tape de toi,1
tets,1
"et la marmotte, elle regarde Chuck Norris et lui dit ""t'es pas un peu pédé, toi ?"" ... -__-",1
Phoenix juste qu'a la base on s'amusaient et toi tu viens lui peter les couilles,1
Ecoute Salalade.. c'est pas grave..,1
Le ministre de l'intérieur cocu !! ça va faire la une des gazettes tout ça $$... qui c'est qu'à lancer cette info ?,1
pas sa corpulence mdr moi je suis credible en diable lui fait diablotin d operette,1
Non je suis pas Charlie,1
Oh le côté poursuite autribunal et patati patata était pas mal non plus quand même de la part de Zarine,1
"Dommage les taxes sont de nouveau là, on t'a resucer la moitié de ton maigre putain",1
vu le contexte et le bordel que vous foutez je préfère que ce soit un gars de Titan qui fout le bordel alors vous bougez !!,1
Ils se sont fait plaqués par leurs copines,1
"Oui vasy, pars loin de nous. Tu fais pitier mon pauvre.",1
MA BITE,1
"allez, va bien te faire foutre",1
casse toi,1
Nan mais bushi tu veux du PAIN?,1
oui c un fils de lache lui,1
"Si tu es une femme , blonde/brune avec des gros lolo (min 75b) Sahaladin pour te servir !",1
tiens? un gignol fait la leçon ?,1
"Mettre 10000 e dans un jeu , je pense pas ça soit moi l'ane",1
bon  ça ma peté les couilles ... Bonne soirée a vous,1
Sahaladin : Tu joue pas dans la même cours petit !,1
"#LesFlottesC'estPourLesPédés pas de soucis de neutro quand t'as pas de flotte enfaites , j'ai trouvé la solution",1
ça serait bien qu'un dev raméné son cul vite fait,1
Quesion : les devs sont devenus cons ou bien est-ce normal ?  les Houds level 20 et 25 ?,1
"euuuuh , Yuuki , tu connais la difference entre une merde sur le trottoir et toi??? non??  et bien la merde , je lui accorde un tant soit peu d'attention ( huistoire de pas marcher dedans ) d'attention , alors qu'a toi non",1
j'ai dit que son entourage était des enfoirés,1
dedicace a yuuki !,1
Re/Plop les zboubs(et zboubettes),1
BlackAngel je te préfère quand tu ferma ta bouche,1
#Black2Fragile recrute ! Venez nombreux soutenir la cause en faveur de Black. Au election de Titan voter Black2FGragile,1
"bah ouais tu la ramméne parceque vous etes les premiers, les plus forts, ça me fait penser aux petites racailles en groupe, tout seul il la ramméne moins",1
encore un enculé que je vais raser,1
"non mais j'avoue c'est tentant , en temps que nolife aussi j'aurai l'idée d'attaquer mes voisins a couyp de 10 min trajet",1
Tadomikari ---> ignore t'en fait un gros de trool si tu continues,1
supo g besoin de toi  je chie arc  en ciel,1
mais lol tu es c** ou koi je te de demande en moyen cb de sondee tu en envoye pour avoir un rapprot de niv 5,1
Car c'est un trou du cul. Pas besoin d'autre raison je pense.,1
"PS, sympa, Minas Tirith, fan de LOTR?",0
"('à ""ç""è( ?? (peut être en parlant dans sa langue.. xD",0
"Bonjour! Rien de spécial à dire, je te souhaite juste bonne chance dans ton projet planétaire en tant que voisin.

Bon jeu! =)",0
Le superviseur de Mc Murdo (Houds Hive) c'est quoi ? ^^ ennemis ?,0
slt,0
d'accord,0
"Hey ! Bonjour voisin.
Je suis plus pour la paix que la guerre, donc si tu reste amical avec moi on devrais pouvoir cohabiter.
Voir même s'aider à l'occasion, il faut voir ça.
Si tu as des questions n'hésite pas.
Réponds à ce message, merci.

Nhoctambule.",0
Lihouf à invité le(s) cyborg(s) Carapicho dans la discussion,0
"yoyoyoyo
",0
"Salut, je cherche une alliance sur Titan... 
je suis dispo si il y a de la place 
Kira",0
Mormaz sa se mais automatique des que ses vendue ? ^^,0
"Ah cool =)
Du coup, on aura le contrôle de la planète :D",0
"Hey Salut Kowski !!
moi ça va, entre etudes et geekage quoi pour changer mdr, et toi, comment vas-tu ?

Je suis désolé de ne pas t'avoir prévenu de la planète où j'allais mais j'ai pommé le papier ou tu m'avais donné ton mail la dernière fois qu'on en avait parlé, faut dire qu'avec tous les délais de sorti repoussé ça n'a pas aidé.
C'est trop bien que tu sois sur Thorus moi aussi ! tu es dans l'alliance de MarcAurell du coup nan ? ",0
ça se passe bien :-),0
Gregounet ,0
qu'est ce que je dois faire? j'améliore mes mines avant le reste c'est ça?,0
je parle bien de la seconde pour ma part ... elle s'appelle Houds Noob,0
salut,0
Classement - Alliances - Rechercher - Cliquer sur le nom de l'alliance.,0
Sympathique ! ,0
"Bonjour lcstriker ! En explorant les terrain au alentour de ma base, j'ai découvert la votre. Par ce message, j'aimerais établir une paix mutuelle entre-nous.",0
le probleme c'est que si ils sont en flotte ils vont finir par geler,0
yo,0
"Bonsoir,
Pas très discret l'espionnage, j'en ai profité pour me faire un rapport de niveau 5 au passage ;)
(Jolies ressources d'ailleurs)

Je suis pacifique, je n'ai donc aucune hostilité envers toi, mais je sais me défendre, surtout sur le long terme, et je ne suis pas seul :)
Sur ce, je te souhaite une agréable nuit et un bon jeu !

Cordialement,
Xaerys.",0
si moi,0
salut tout le monde !,0
Salut,0
je finis de lv 10 le centre d'espionnage et ensuite full defence,0
Et non parce que c'est incrusté sur larrière donc je réactualise pour que ça marche ^^ ,0
"coucou
oui je te lis ^^",0
salut,0
"sinon bonjour à tous :
""Que vos bases vous apporte prospérité et puissance"" :) ",0
Petit coucou d'ici et bonne soirée :),0
"Effectivement, moi je parle du second type de base, que j'arrive à piller plusieurs fois de suite",0
yo,0
"Papipad pour cela il te faut un centre diplomatique niveau 1, et alors tu aura accès à la liste de toutes les alliances de l'univers, et tu pourra postuler pour celle qui te plait le plus (oui tout à fait Number6406)",0
"Actuellement on va utiliser la messagerie, plus pratique pour l'archivage des messages. On verra sur le tas :)",0
"bah attend , j'ai encore la protection debutant ^^

",0
qui sont du coup potentiellement désaventagé,0
Surtout en recherche,0
"Je suis toujours bloqué au meme endroit, impossible de suivre le tuto pour la parti combat, impossible de faire glisser mes vaiseaus de la reserve a ma formation de combats...",0
salut space origin,0
bonsoir,0
modo j'ai un bug,0
bonsoir* grr,0
"Ils ont vu que ça monté trop rapidement je pense.
",0
tu esen quelle classe?,0
comment rejoindre un serveur ?,0
Bonjour,0
bonjour l'univers,0
Ah ben voilà tu es en effet juste à côté :) Coucou voisin(e?) ^^,0
salut collègue,0
je suis remus .... tout proche de toi,0
coucou Youtube  <3  ;),0
c est quoi ton pseudo sur skype ?,0
oui c'est les CLA ^^,0
9.113.53,0
Je suis sur ta droite :),0
si! (a),0
Ah et précise leur de postuler sur confiminiere.forumactif.fr ( hamaji m'a demandé de te le dire ),0
si tu veux mais au pire y'a des alliances qui existent déjà sur alba,0
Nouveau jeu qui fait fureur : FOE,1
Plus on monte.. plus enfin bref  vous connaissez la rengaine,1
#BlackTantouze !,1
#FanDeLaPoitrineDePredatrice,1
DrakenXI ça fait mal au coeur de voir qqn débiter autant de bétises en si peu de temps. Faut l'aider a comprendre,1
allez sur celestus c'est top,1
le mieux pour gonfler superchaton c'est de lui envoyer des missiles la nuit,1
Luppus je t'emmerde,1
"j'ai un peu de temps pour causer avec certains blaireaux, j'en profite, je prend ma dose de conneries",1
pleurer l'anti-bash en temps de guerre que vous avez vous même accepter vous ^'etes vraiment de grosses lopettes,1
ça va être cool de pouvoir éclater les voisins sans se soucier des pertes,1
"Oui, ce n'est pas tout les jours que les sénégalais arrivent a écrire",1
"Ils me cassent les couilles, tous, je t'avouerai",1
iobdzaDSFQSDBGSQSDNFCXGDGXBF,1
Mais c'était pas vous les trou du cul qui nous attaquié par ce que le gouvernement nous avait déclaré comme ennemi publique? Niveau rebelle on repassera.,1
ferme ta gueule !,1
Edward toi t'es trop peace & love on dirait et je te déteste je vais t'épiller les sourcils sur du Dalida tu vas souffrir,1
du sex,1
Sans indiscrétions hysterik tu te fait combien par jour ?,1
"putain les enculés, ils n'ont même pas fait un reset de la base, je n'ai plus rien a bombarder tellement je les raids les autres jours",1
bientot le jeu va s'appeler Zarine Origin,1
laisse les grands parler,1
Luppus  hitler c'est fait élire lui,1
bushi c'est toi qui a commencer alors ferme la !!,1
de toute façon avec hollande on passe pour des des cons,1
bah la prochaine fois évites d'ouvrir ta bouche quand tu sais pas,1
le jeux vas bien ace vous un jeux dpedaaaaaaaaaaaaaaaaaaaaaaaaaaaaaaaaaale,1
Zarine report un truc il est nerfer a la hache,1
"j'ai pas de missiles  c'est pour les pédé, et les homosexuels, les deux !",1
parce que t'aime te faire enfiler  c'est pour ca tu te mets devant,1
si vous avez leurs co envoyer les moi je vais les defoncer c fdp,1
encu/er d ameriquain,1
tkt mieu tu ferme ta geule  c'etout j'ai raison,1
Essaye de te taxer des neurones Edward ah nan non t'en as pas,1
tu films ou tu prends les photos ?,1
juste casse ****,1
http://www.twitch.tv/eariltv  Et venez ya @Earil1 fait du lol,1
putain de quête,1
ce chat est ton géniteur ?,1
tg,1
allez bande de bouffon allez vous faire enculer,1
#NostoTantouze !,1
"???, c'était un event a la base, o, l'nvoie chier, menace de represailles les fauteurs de trouble et la, pchittt, plus rien de le calbut, et il veut qu'on le respect alors qu'il nous prend pour des c....",1
"http://www.cromimi.com/parrain/gyranion,6297675.htm",1
Elle a un ego plus fort que le votre,1
Pauvre gosse au lycée.,1
ECHANGE UNE FILLE CONTRE NOSTO DANS L ALLIANCE (FUTUR EMPEREUR),1
je te sors ?,1
en plus tu me prends pour un con ahah,1
Un gang de Bad Girls est en train de naitre sous nos yeux WAHOUUUUUU,1
eratix t'es qui pour insulter mon père comme ça de pauvre con?,1
j'essaye juste de me develloper bande de c*nnard,1
Sarasin calme toi stp,1
https://www.youtube.com/watch?v=KBef7MY1orM,1
mais VOUS ETES DES GROS FLEMMARDS,1
https://twitter.com/Polotarg1/status/603279807833571329?lang=fr Les mecs go le mettre en top tendances,1
"ses manières, ca viendrait a l'idée de qui de se comporter naturellement COMME UNE SALOPE toute sa planete",1
loooooooooooooooooooooooooooooooooooooooooooooooooooooooooooooooooooooooooooooooooooooooooooooooooooooooooooooooooooooooooooooooooooooooooooooooool,1
"Tu sers de potiche au gouvernement, tu vaux pas grand chose",1
sa fait 1 mois que vous me niquer avec un gros gode,1
Bon jeu tlm !!!,0
Les intérêts ?,0
"Oui, une présentation normale.
Je le fais de ce pas.",0
Comment ça va ?,0
je l'ai meme scanné puis espionné ... ,0
ha oui tu crois   ??,0
jai bie nvu qu'il y a 2 modo et un admin,0
"je ne sais pas encore commentça marche pour créer une alliance mais on pourrait y penser.
ton avis ?",0
,0
non,0
"le tuto, c'est ok, mais après ils incitent à up grader l'heliocentre jusque 5 pour délock des trucs",0
c koi cette histoire de voyage en De*Lorean ?,0
je veux apprendre le fonctionement global les objectif tout,0
comment on fait pour rejoindre une aliance,0
oui?,0
Encore une nouvelle alliance sur notre belle planète.,0
entre attaque et soutien,0
Merci Silyner ^^,0
ça m'a co sur le mauvais compte,0
je construit des vaisseaus et j'arrive,0
Bêêêêh,0
"Beaucoup de retours positif, c'est super :D",0
yeaaaah 8)))),0
bjr a ts,0
Salut :,0
Papy s'en va en guerre miroton miroton mirotaine .......,0
"Psartek. J'ai déjà exploré pas mal autour de chez moi, salut a la base ""Mirror"" :D",0
"Bonsoir, l'objectif ""Succès Ecomnomiques"" est bloqué pour moi, le compte des ressources et crédits ne s'update pas depuis plusieurs jours. Il y a t'il quelquechose à  faire ?",0
sa va vous polémiquer pour un *sale gosse* y'a pire dans la vie--,0
Bienvenue voisin :D,0
"l'alliance pacifiste ?
",0
Moi c'est plutôt Warhammer 40 000^^ et je suis une fille :D,0
/j liguelc,0
#JeSuisObama,0
mdr,0
lol moi je suis deja en jeu,0
"Bonjour, j'ai eu un ""soucis"" bizarre : vers 13h je suis passé lvl 18, je me suis déco, là  je me reco et je suis lvl 17. Est-ce normal ?",0
b'soir,0
Bonjour à  tous !,0
Bonsoir à  tous :),0
Bonjour à  tous !,0
"Je suis 8 ème de la planète ;) 
Et j'ai un pote dans le jeu, Orion14000, le 3ème :)",0
Bonjour ! Tres bien et toi? Tu es un nouveau joueur ou tu as participer au alpha?,0
"slt , ce jeu est super mais vous etes avare en recompense ou bonus",0
Quels sont nos relations avec les Xéres Settlers?,0
bonjour Xx,0
"Bonne soirée / nuit, OKceg.",0
Bienvenue à toi :p,0
yuk,0
"Vouaip, j'essaie héhéhé.

T'es sure d'avoir donné les bonnes coordoonées? je te trouve pas.. j'ai juste trouvé la base ticia de lyoose ^^",0
Hello,0
"tu est sur l autre ts ??  je cherche nano il est parti se couché ?? 


Bisoussssssssssssssss ^_^",0
salut,0
Bienvenue Voisin,0
Bonsoir,0
Tu me reçois ? 8)))),0
"Bonjour à vous cher voisin!
Je vous promets paix, et commerce !
Pour ce qui concerne une alliance, j'ai déjà promis mon ralliement à l'une d'entre elle.
A très bientôt!",0
Comment connaitre ce que rapporte une superviseur ?,0
"C'est l'avantage d'être canadien! Pour être franc, je n'ai pas de véritables stratégies ; j'ai découvert le jeu hier soir!",0
Salut merci de tes renfo je tes envoyais 15 vaisseau =),0
un ancien astrial ? qui sa ? ^^ j'étais le co-leader d'astrial :) il n'y a pas de raison de ne pas rester en paix :),0
ok bon,0
Salutations distinguées Greg !,0
j'ai décidé de jouez un jeu françaises pour comprends le français mieux :D,0
"Bonjour tout le monde ! Alors comment se passent vos débuts, les early gamer  ?",0
"-_-""",0
Oui ça va Yuuk :) Et toi plein de love ? ;),0
sauve moi plz ! :D,0
rien,0
"je suis aussi léger que le vent , j'écris sous une pluie de mécontents et je ris ...lala la et je ris ...lala li li lala les enfantillages de tous les ages sont le presage d'un nouvel age de guerre et de partage la la li ...li la la je finirai tout cela à la plage la la li ...li la la",1
1: Tu dégages de mon salon,1
j'adore voir la rage et les detournements de propos...,1
mon cul exl,1
Oh Prédatrice en moolboots sur la glace de Fahra je vais en réver cette nuit,1
il a un cerVo Boost assez déficient lui,1
t russe batar,1
Et l'autre base est saisie par la modération :3,1
Bah change de planète alors idiot,1
bonjour les grOs NoOB,1
Exl ts plz,1
VAGINNNNNNNNNNNNNNNNNNNNNNNNNNNNNNNS,1
même si ils sont casse-couilles par moment je le reconnais ils font leur taf,1
et didonc... tu srai pas un peu pd sur les bord toi,1
hysté aime bien les gros baton avec les petites balles,1
Neo c'est farmville est tarlouzeland !,1
Bouffon arrettes ton baratin ... je suis remonté contre toi vu les allusions que tu as faites sur moi,1
F*CK YOU,1
J'attaque les merdeux dans votre genre,1
citoyens citoyennes regarder vous et soufer plus bande d enfoirer,1
"dwarfi non, moi je débute et je cherche une alliance sur moroo et toi tu, tu , t'abandonnes. salaud.",1
ET PAS D4UN MEMBRE DE LA DYNASTIE,1
te laissant t'écraser au sol t'es une merde,1
bon bah partouse à 4,1
teub,1
c un surnom nain bande de ptite connne de france,1
#ExlTyran,1
Mais j'ai hâte de chier sur ta base Hyté ! xD  ++,1
mon seuil de tolérance à la connerie est franchi,1
bon c'est mort le chat allez allez un petit clash là! foutez vous sur la gueule!,1
J'ai adoré celle là,1
"dire qu'a un moment, j'ai pensé que ce n'etait pas des connard --""",1
et ceux qui pleurent sur le forum et menacent de ragequit pour que le staff les remboursent.,1
"Moi je dis un fight entrP predatrice et Superchaton, qui gagne????   OH pardon Predatrice, ta base est rasée",1
et moi je suis bien con de jouer à un jeu développer par des cons ?,1
"Philippe, si tu es un vioque, rentre chez toi, les séniles n'ont leur place que dans les maisons de retraites",1
j'ai merdéé j'ai oublié de faire / join journalintime,1
il ta insulté de gros pd,1
mes houds sont pd a moi,1
"Youpii, merci les coupin , FUCK LA POLIIIIIICE",1
J'AI ÉTÉ BAN POUR NON RESPECT DU TS A CAUSE DE CA : http://i.imgur.com/7gdOh2G.png,1
"SuperChaton, y'a trop d'moustik chez moi, t'as pas du gaz sarin ?",1
salut les consanguins !,1
Predatrice tu me connais pas déjà alors et pour chercher la provocation en tout cas ces pas moi qui mens a tout le monde meme a ces membres d'alliance j'ai tellement honte d'avoir commencer l'aventure avec toi,1
"ben , il y' a le cirque pas loin , mais le flemme de me deplacer , , je profite donc des clowns d'ici",1
"bushi , les gens qui bossent pour ton plaisir , laisse les bosser et dit merci ...... t'es parents ne t'on rien appris , respect du travail tout ca ?  tu abuse de la situation pour t'exprimer fort , mais ca ne fera pas avancer le probleme ...",1
attend on vas vous le rapeler pauvre mec foutre le binss sur moroo vous as pas suffie et partir comme des voleur aussi mais on vas vous le faire payer deja votre ba ou qu elle soit seras toujour raser et de pres,1
moi j aurais dit con mais si tu y tien tupeu etre un singe con,1
pop corn ds l'q t'aimes bien ?,1
certaines personnes en veullent des grosses frites au reveil,1
t'est un enfoiré toi,1
"Invite moi Philippe, je pourrais faire ce que tu m'as dis avec ce fameux clavier",1
si tu vas et viens SUR la chatte ca doit pas etre terrible,1
https://www.youtube.com/watch?v=6i-5fw15U5k,1
oui bah moi chui pas un homme je suis ado et voir magy qui susse la bite de bart bah c pas sage,1
"SuperChaton, j'ai perdu mes clefs, j'mérite la peine de mort  ?",1
"jouez c'est trop mignon !  http://www.cromimi.com/parrain/gyranion,6297675.htm",1
putain venain sur greenwitch les mecs MDR,1
Tu ma prévenu? Salakis au bon lait de brebiche,1
tg c'est vous les boulets je ne suis que votre reflets ds mes passes temps,1
"Bon Allez, je vais vous laisser à la masturbation intellectuelle, vu que vous êtes pas capables d'avoir une conversation décente",1
"Test: Pour avoir vu Zarine à l'oeuvre sur les chats des SO News, vous êtes du pipi de chat à côté. J'ai jamais vu un tel putois gueulard et trollesque.",1
ouais +100000000000000000000000 on veux les niquer c FDP,1
Arrakis c'est toi qui troll . désolé .,1
"ouep les gens fuient la planète à cause de son passé, et l'immaturité des codeurs qui ont surbooster les P2 tellement qe les P1 en sont devenu inintéressante",1
CHRONOS,1
Et t'es le symbole même de ce que représentent les connards qui surconsomment du pulsar,1
PACIFIQUE + N4AGGRESSE PAS LES GENS,1
salut,0
Bonjour à tous en pleine découverte du jeu et tout ça m'a l'air bien prometteur,0
Pour moi c'est ma deuxième base mais elle est aussi issu d'un tuto. Peut être qu'elle va aussi disparaitre elle aussi.,0
j vais ramasser lol,0
Quelqu'un saurait comment on MP Quelqu'un ? c:,0
"Je sais pas trop, mais ca fait 3 fois de suite que je pille la même base, donc je suppose qu'elles ont quand même des réserves. Après, vu que ce sont des joueurs-animateurs qui contrôlent ces bases, il est bien possible qu'une fois les réserves épuisées il faille attendre.",0
carrement,0
Err :510,0
Salutt,0
slt slt !,0
suis 1 case vers le bas-gauche et 7 cases vers le bas-droite par rapport à ta base,0
Salut Voisin :) Un plaisir de partager ce petit lopin de terre avec vous ;),0
"bizarre, ferme les une a une voir si ça revient",0
c'est quoi l'adresse de la radio svp ?,0
salut,0
"Au fait quand on pille une base Houds, ils sont pas contents. Mais ensuite est-ce qu'ils refont leurs stocks de matières ? J'ai lancé une deuxième attaques sur la même base et pas de ressources à ramener.",0
:D,0
"Nous devrions donc tous signer des pactes de coalitions entre nous ^^

Après, est-il envisageable que chaque alliance se spécialise ?",0
oui un peu galere au debut mais ça va et toi?,0
Potes*,0
Bonjour,0
c est qui et elle se trouve ou et sur quelle planete elle se nomme comment,0
bon apres tous sa que diriez vous d un dimanche tranquil  que l on puisse tonde la pelouse faire le menage  bref tous ce que l on na pas fait depuis un peu plus d une semainne   ^^,0
"Mince , j'avais une quete
",0
"Bonsoir à tous
",0
xD,0
non mais je veux dire que quand on lance toute nos productions,0
"D'accord merci, il faut le temps de découvrir, simplement.",0
"Je ne les laisse malheureusment pas longtemps, mais demain ou après demain je te renverai du soutien ;)",0
"Salut,En fait cela dépends des rere que tu veux amener, car le jeu utilisera automatiquement le nombre de cargo nécessaire, si tu les as construit ^^",0
"oki y a une grande alliance qui a etait crée sur SO avec tout les joueur de celestus, tu veux venir ?
",0
adun toridas,0
hello,0
heyjuanito à invité le(s) cyborg(s) aron dans la discussion,0
"ok, j'ai contacté un voisin colosse, il est pour une alliance, on sera déjà 3 ^^ je construit le centre alors",0
y'a t'il un dev ?,0
entraidons nous pour le départ et repousserons l'armée de spoulpes :p,0
"ou vous etes trop ava,cer et autant partir ailleur?",0
"Enchanté Tamaris
j'ai débarqué sur Titan avec quelques amis d'un autre jeu. A priori on voulait créer une alliance ensemble, je te tiens au courant ;)

Cordialement",0
tout et bloque sur Thorus,0
Oh merde Akum est de retour ? :^^,0
Candidature envoyee !,0
"Bonsoir Th3Nat,

Un dysfonctionnement avec Paypal n'a pas permis de valider votre achat de 1 450 pulsars suite à votre paiement du 28 avril 2015 à 23h43

Nous vous avons donc crédités manuellement de ce montant

En vous priant de bien vouloir nous excuser pour ce désagrément,

Spatialement,
Cosmocat.",0
c'est asse6,0
ah ok je voie  :),0
gg,0
je vois pas ce qui peux te faire dire que je suis breton XD,0
"Salutations matinales,

Nos ouïes furent sensibles à votre désir d'obtenir une information qui vous serait chère à l'image des substantiels revenus que vous pourriez en tirer après un accidentel pillage.

Or, par un heureux hasard ayant frappé à mon seuil, il semble que nous soyons en mesure de vous confirmer les coordonnées exactes du Roi Soleil.

Si votre vux fusse sincère, nous pourrions nous entendre...",0
Non la base Houds Noob j'ai gagné j'ai recup masse ressources aidé moi pour reconquerir la planète aux mains de méchant poulpe :p,0
"Bonjour Tamaris.

En effet, je serai intéressé par une alliance qui nous permettrait d'être plus fort. Si tu souhaites contrôler cette planète, je veux bien t'aider. Il va falloir recruter pas mal de personnes dans ce cas.

Cordialement, Mydlaar",0
"dolo ou delo, ça reste douloureux :D",0
"Bonjour a tous :)
",0
"Bonjour a tous. Est il préconiser d'investir lourdement dans une grande flotte de petit vaisseau, ou attendre des améliorations ? ",0
"ok pas de soucis ...domage pour le coup , je suis a coté d un superviseur et sans alliance , impossible de le prendre. ",0
salut,0
lyon super :D,0
"Enchanté mademoiselle :)
J'avoue que ça fait longtemps que je n'ai pas joué à ce genre de jeu mais bon si ça me permet de m'occuper un peu de mon temps ... on verra bien si je suis motivé pour jouer longtemps :)",0
c'est nouveau ?,0
comment on trouve la description des alliances,0
on va les griller !,0
"Bien le bonsoir, ça fonctionne bien pour moi ;)",0
C'est une bêta utain de merde,1
emines peit trou du q du bout  de monde tout blanc,1
enfoiré,1
Cagole la tête faut la bouger avant de parler te rappelles-plus ?,1
surtout avec ma grosse frites,1
je suce quand même le mamouth mdrrrrrrrrrrrrrrr,1
JE VAIS VIOLER TA MAISON ET BRULER TA FEMME,1
Y'en a marre des idiots sur cette planète.,1
pourquoi existes-tu dwarfi ? POUUUUURQUOIIIIII,1
df,1
Lethsnar Zarine pleure sur le forum pour se faire rembourser,1
OF,1
"Y a de la merd* à remuer, j'adooooore",1
quand le gamin de 14 ans ecrit mieux que le pauv c*n de plus de 40 ans pose toi des questions,1
"(merde, j'ai oublié le spam de lettre  )",1
peniiiiiiiis,1
Parce que vous n'êtes que des chiens pour eux.,1
entre génie et con on est souvent seul c'est sur,1
lol as l hosto il aurais du y crever sa aurais aranger tous le monde,1
"SuperChaton ? ...Chuis tout seul ok, TOUT SEUL kontre Sanktuary, alors, bouge tes poils de là et laisse les se défendre. Ils sont assez grands et nombreux pour s'okupper de moi sans k'un super truk vienne à leur rescouss'.",1
moi j'ai un gros kiki ... quelqu'un veut en parler ?,1
met ta b*** dans le trou,1
lamuserie je pense qu'un 3 eme mandat et on fait tomber la pop de titan a 10 xd,1
je TE BAISE TA REUM FDP,1
Report Nosto for be a fucktard.,1
"donc à partir du moment ou tu tente d'enculer les mouches ben tu fou en l'air ""tout""",1
Communauté à la con tiens,1
merde,1
Chacun c'est gout sale gay,1
QUE TOUT LE MONDE SE CALME TOUT RENTRERA DANS LORDRE!RESTER DANS LES RANGS ET NE POSER PAS DE QUESTION,1
Yuuki :') j'ai encore 11 j a torturer mon peuple,1
#BahCoran,1
Là on a l'exemple typique d'un gars du top qui se fait démonter par plus petit que lui et qui ragequit.,1
je en bale les couille,1
jte demande un 1vs1 soit t'as le cran de dire oui soit tu fais comme tes copines phoenix qui viendront jamais lol,1
techniquement sinon ... comment tu fais pour etre si con ?,1
#PredaAvantDeDemanderLesPapiersOnApprendLeFrançais,1
Houds Noob #35001 16 Houds 0 HDS Moroo 4.121.17 Houds Noob #35002 16 Houds 0 HDS Moroo 4.110.44 Houds Noob #35003 16 Houds 0 HDS Moroo 4.124.40 Houds Noob #35005 17 Houds 0 HDS Moroo 4.125.61 Houds Noob #35008 17 Houds 0 HDS Moroo 4.113.94 Houds Noob #35111 16 Houds 0 HDS Néo 5.117.38 Houds Noob #35112 16 Houds 0 HDS Néo 5.103.51 Houds Noob #35115 1 Houds 0 HDS Néo 5.116.73 Houds Noob #35399 17 Houds 0 HDS Kalio 8.16.111 Houds Noob #35401 17 Houds 0 HDS Kalio 8.47.15 Houds Noob #35405 17 Houds 0 HDS Kalio 8.48.77 Houds Noob #35407 17 Houds 0 HDS Kalio 8.46.108 Houds Noob #35409 18 Houds 0 HDS Kalio 8.82.18 Houds Noob #35411 17 Houds 0 HDS Kalio 8.78.49 Houds Noob #35423 17 Houds 0 HDS Kalio 8.112.111 Houds Noob #35527 1 Houds 0 HDS Fahrenheit 9.127.89 Houds Noob #37229 20 Houds 0 HDS Kalio 8.81.109 Houds Noob #39833 18 Houds 0 HDS Moroo 4.129.94 Houds Noob #43204 17 Houds 0 HDS Moroo 4.124.78 Houds Noob #43953 17 Houds 0 HDS Moroo 4.125.106 Houds Noob #48110 1 Houds 0 HDS Thorus 1.6.12,1
I,1
0gme ferme ta gueule merci,1
J'aurais du rester zoophile avec mon chat ;x;,1
"Le pauvre dest, ce faire raser ainsi oar un pauvre triu du cuk",1
http://www.google.fr/imgres?imgurl=http%3A%2F%2Fdocteurbonnebouffe.com%2Fwp-content%2Fuploads%2F2013%2F10%2FSusanne-eman-la-femme-la-plus-grosse-au-monde-2.jpg&imgrefurl=http%3A%2F%2Fdocteurbonnebouffe.com%2Fsusanne-eman-femme-la-plus-grosse%2F&h=350&w=607&tbnid=f5qWanfKOw-kNM%3A&docid=RahraLI7AKmdUM&ei=mYyrVbj7DIHjU9-quNAP&tbm=isch&iact=rc&uact=3&dur=320&page=1&start=0&ndsp=19&ved=0CDkQrQMwA2oVChMI-KvzkI7nxgIVgfEUCh1fFQ76,1
Dédicace à Zlacks https://www.youtube.com/watch?v=y9aVm4nTO_8,1
cerVo boost V3 avec interface neuronale en vente chez la Garde Impériale Txar,1
mon ex flotte sps? mouhahaha j'ai dissous l'alliance le seul débris qui reste c'est toi mec,1
"allez-y !!! http://www.cromimi.com/parrain/gyranion,6297675.htm",1
Quoi ? Tu lui a taillé une p... elle ?,1
Tu veux quoi la catin de SO,1
c'est cool la pub alors inscrit toi!,1
encore entrin de regarder un porno grec gamo ?,1
"et aprés, on aura raté l'intéressant et il parlera des merdes de xeres et du fmu",1
sa pu la merde de licorne je te dit,1
et si je décide d'écrire c'est pas toi et tes 2 neurones Lazherezh qui va m'en interdire,1
je teste les insultes pour voir si ca marche,1
"alors je résume ... intedictions de dire "" tache ; tete de paille ; pantin ;épouvantail ; merd ; Q ; tg ...etc etc",1
allez tous vous faire enculer,1
La prochaine fois si tu viens pas  avec les croissants ça va chier pour ton matricule mais sevère,1
"Ce sombre abruti a appelé sa base ""capitale de bigbang""... j'etait a deux doigts de lui filer 60k de neutro",1
c est pour ca qu y a une etoile devant ton prenom??,1
TUER LE,0
"Au moins, on est tous d'accord sur un point : Mort aux Houds ! :)",0
slt,0
Excuses moi j'ai bugué :/,0
#null,0
Err :510,0
bonsoir^^,0
ben france aussi il est tôt^^,0
"1,1100010010001E+022",0
Bonjour voisin !!!,0
ca sert d'explorer avec plusieur drone svp ?,0
oki pas grave  :p ravis d'avoir fait ta connaissance,0
bonjour,0
non qu un base,0
lauruslegue ???,0
"Ola Brezhy,

Dis moi pas que c'est pas vrai! C'est bien toi à côté de ma base?! ^^",0
salut,0
"avant les alliances, mieux vaut plutôt construire de bonnes bases en faisant les tutoriels non ? ^^",0
tout est buggé,0
"Heureusement, j'ai vu jusqu'à  présent très peu de floodtrash commercial",0
"son Altesse Houds doit nous dire des choses , l'a t'il fait ??",0
comment créer un cargo ?,0
"La terre est plate, si tu arrive de l'autre côté, tu tombe dans le vide intersidéral.",0
"hey hey!
je t'ai mp via le fofo  ;)
dis moi comment faire pour intégrer l'ally?
biz de bretagne",0
:-),0
Event citrouilles : pourquoi sont elles vides ? où sont les cadeaus promis ?,0
Un canard réfléchi c'est un dranac ^^,0
"JE suis pas pressé en attendant j'avance dans les autres missions pas de souci ;)
",0
a oui aussi sauf si je me trompe mais on peut pas construire tout les batiment qu'on nous propose sur notre base,0
non c'est bon il y est encore je l'ai juste attaque une fois,0
^^ drodro,0
"Hey, bonsoir les couping, merci !",0
salut zeleph,0
"votez pour moi XD
",0
J'ai juste changé le nom de la discussion qui était pas très parlant ^^,0
"Bonjour citoyen de Neo, et Maître de ton allianc.
Ce petit message n'est nullement pour vous dérangez, mais simplement pour savoir si vous recrutez et sous quels conditions ?

Merci d'avance d'une réponse de votre part.

ArkanSky.",0
retour dans le passé :(,0
Pareil de ma part :),0
ouep Attila c'est un speudo qui ne prend pas de ride sur les jeux :),0
houps,0
Salut VVL. On doit agrandir le nombre de places pour pouvoir vous accueillir toi et Guigui. C'est en cours mais c'est un peu long.,0
/me on a le suspet en vue,0
ok ok,0
Hello,0
ah oui,0
Bien le bonsoir ! ,0
tjs pas de son ?,0
salut a tous,0
"salut

tu a déja créé l'ali ?",0
bonjour le peuple,0
bonsoir a tous,0
Bêêêêh à toi cher pétrolier,0
"Question, plus on met d'espions plus on peut avoir un bon rapport d'espionnage ?",0
ALLUMEZ LE FEU,0
bonjour voisin!,0
"Bonjour,
Nous sommes voisins et je voulais vous passer le bonjour et vous assurer de ma neutralité à votre encontre.

Cordialement,
kei-kun41",0
alors ma mère a entendu parler de ce jeu a la radio et m'en a parlé ensuite XD vu que les dév sont des étudiants en infos comme moi elle pensait que ça m'interesserait ^^,0
re,0
"Bonjour, je cherche une alliance. je suis nouveau lvl 6",0
Je suis ici avec plusieurs amis à moi et nous somme tous proche donc si tu veux la paix avec moi il fudra être gentil avec mes collègues ^^,0
Y a tjrs les échanges à la bourse pour obtenir des ressources o/,0
Le poste d'Agdi je pense.,0
"ca suffit oh!!! putain , vous faites chier a vous balancer des merde a la tronche , il y a le privé pour ca",1
va te faire enculer,1
Une moroo qui peut te foutre sur la gueule !,1
tg BlackAngel occupe toi de tes affaires,1
"non mais toi ta gueule, je te parle pas",1
ya moyen que tu nous empeche ce p***** de message quand on ce gourre dans nos log,1
sodomie sur poussin ca va chercher ds les 5 ans facile,1
on s'en tape de ta constatation on s'en tape de ce que tu penses on s'en tape de ce que tu dis et en attendant lui il a une alliance et qui tient la route.,1
Comme mon zizi,1
Oui biensur j'suis une sorcière une salope tout ce que tu veux,1
bande de PD,1
RIDDICK ENCULER PARLE BATARD,1
ntm,1
Faut poster un avis de recherche pour retrouver les couilles de Luppus,1
"Yuuki, ferme ton claque merde c'est toi qui te barre avec le string serrée",1
arrete bientot y auras use bug si tu fouille la zone a Zarine,1
Et meme temps avec un prénom comme ca t'es obligé de boire,1
fohoegitgkjgcoyrpiu^toujptgh²,1
"nicht sagen,",1
d'ailleurs ça serait plus son cul,1
Err :510,1
http://boards.4chan.org/b/,1
qu'il la ferme à l'avenir,1
riddicke JE VAIS VENIR A CHALON JE VAIS TE BOITER BALTRINGUE,1
aller vous faire foutre,1
"Les TSN sont des c*nnard, je me suis fais virer sans aucune raison, vous dites aider mon cul oui, j'ai pas recu une seul aide bande de f*p",1
"en revanche, si tu parlais de la Bible des catholiques je t'en pris, c'est sa place",1
Houds Noob #48182 17 Houds 0 HDS Moroo 4.21.129 Houds Noob #48183 16 Houds 0 HDS Moroo 4.44.8 Houds Noob #48184 15 Houds 0 HDS Moroo 4.56.5 Houds Noob #48185 18 Houds 0 HDS Moroo 4.41.21 Houds Noob #48186 18 Houds 0 HDS Moroo 4.56.23 Houds Noob #48187 18 Houds 0 HDS Moroo 4.72.5 Houds Noob #48188 17 Houds 0 HDS Moroo 4.93.9 Houds Noob #48189 18 Houds 0 HDS Moroo 4.76.25 Houds Noob #48190 18 Houds 0 HDS Moroo 4.89.21 Houds Noob #48191 17 Houds 0 HDS Moroo 4.115.7 Houds Noob #48192 18 Houds 0 HDS Moroo 4.123.7 Houds Noob #48193 16 Houds 0 HDS Moroo 4.110.20 Houds Noob #48194 16 Houds 0 HDS Moroo 4.128.26 Houds Noob #48201 1 Houds 0 HDS Néo 5.9.56 Houds Noob #48203 1 Houds 0 HDS Néo 5.7.73 Houds Noob #50848 18 Houds 0 HDS Moroo 4.10.109 Houds Noob #50860 17 Houds 0 HDS Moroo 4.6.89 Houds Noob #51743 18 Houds 0 HDS Moroo 4.125.124 Houds Noob #52395 18 Houds 0 HDS Moroo 4.105.63 Houds Noob #52428 18 Houds 0 HDS Moroo 4.9.124 Houds Noob #52442 18 Houds 0 HDS Moroo 4.109.73 Houds Noob #52443,1
lol ... vais vite me barreé de ce jeu a  cause des abuse-report,1
a tank uler,1
Bon on encule les Viking de Xeres ou ça se passe comment?,1
bande d'enfoirés XD,1
Sinon Predatrice tu veux parler de ton ego surdimenssioné?,1
nutzt Übersetzung,1
Bah oui je vais mute tout le chan Titan pour trois blaireaux qui aiment mettre leurs embrouille sur le chan Titan au lieu de regler ça en privée...,1
mais je t'emmerde TC,1
hollande nous ecoute attention cela sent le contole fiscale,1
bonne bourre les bargos,1
Tu as juste oublié que sur chaque planete ou tu passes Ogme tu fou la merde . Tu dresses les jouers les un contre les autres les allaince et ensuite les planete,1
"SuperChaton, y'a la voizine ji fait du bruit, tu peux pas appeler le RAID stp ?",1
"Je viens de créer le fan club ""Predatrice, la meilleur"" tu veux être la directrice?",1
bat les couilles de la plannif !,1
traduction TA GUEULE FDP!:,1
Faut pas être idiot pour pas comprendre qu'il est sod***,1
kami no comment essaie de pas te faire raser sr Metah ça sera dja ça,1
"vous n'etespas les bienvenus en ces lieux, les rouquins... partez, avant que l'Etherne dévore vos ames...",1
Vous voulez des photos de mes parties?,1
à part celui de se faire cracher dessus comme là,1
elle y crois ma pauvre j'ai trop tapé sur la tete,1
non t'es pas assez con pour travailler avec excel,1
moi aussi je veut le voir irl c fils de pute qu'il baise sa chienne de merre,1
"qu'ils tientr, on vera qui du lapin ou du con crèveras en premier",1
je vide les frigo inactif blanc mais sais vrais vous ete des ange vous allez vas degage Ric vas jouer au sims si cela te corespond mieux,1
https://twitter.com/Polotarg1/status/603279807833571329?lang=fr,1
c con quon puisse pas changer !,1
Yuuki l'hymne de titan quand j'etait imperatrice : http://www.youtube.com/watch?v=tR0-e8aACrs&feature=plcp,1
"Wesh vas-y mec, viens me la mettre-là !",1
il s'est emparé de ton cerveau aussi ?,1
bande de noob !!,1
16 Houds 0 HDS Moroo 4.13.50 Houds Noob #34975 18 Houds 0 HDS Moroo 4.49.13 Houds Noob #34976 17 Houds 0 HDS Moroo 4.39.44 Houds Noob #34977 19 Houds 0 HDS Moroo 4.55.44 Houds Noob #34979 16 Houds 0 HDS Moroo 4.61.59 Houds Noob #34980 16 Houds 0 HDS Moroo 4.39.77 Houds Noob #34981 16 Houds 0 HDS Moroo 4.57.78 Houds Noob #34982 16 Houds 0 HDS Moroo 4.41.92 Houds Noob #34983 16 Houds 0 HDS Moroo 4.56.94 Houds Noob #34984 17 Houds 0 HDS Moroo 4.45.106 Houds Noob #34985 16 Houds 0 HDS Moroo 4.56.108 Houds Noob #34986 19 Houds 0 HDS Moroo 4.43.125 Houds Noob #34987 17 Houds 0 HDS Moroo 4.53.127 Houds Noob #34988 19 Houds 0 HDS Moroo 4.86.15 Houds Noob #34989 15 Houds 0 HDS Moroo 4.75.45 Houds Noob #34990 18 Houds 0 HDS Moroo 4.90.38 Houds Noob #34991 15 Houds 0 HDS Moroo 4.77.58 Houds Noob #34992 16 Houds 0 HDS Moroo 4.95.60 Houds Noob #34997 1 Houds 0 HDS Moroo 4.73.109 Houds Noob #34999 19 Houds 0 HDS Moroo 4.77.127 Houds Noob #35000 18 Houds 0 HDS Moroo 4.92.129,1
league???,1
bonsoir,0
coucou maitresse nemesis ^^,0
/me je répete le suspect et en ve,0
hello nocturne,0
88 diviser en 3,0
"pareil els prométhé :)
bah le tuto me dit de faire 2 recherches je sais meme aps commen faire :/",0
"si jamais, dans le future, nous décidons ensemble d'aller chercher des superviseurs sur d'autres planètes, il faudra s'organiser pour y aller ensemble :)",0
"lu, enchantée ,je veux bien etre ton alliée donc pas de souci je ne t'attaquerai pas ;-)",0
"Coucou 
oui^^
et toi qui es-tu?",0
salut voisin,0
Parfait,0
"Et ce genre de groupes, c'est totalement informel ou ça passe par un truc genre ""guilde"" ou que sais je ? 
En quoi consistent les contrats de mercenariat, au juste ? ",0
"parfait, tu peux me dire tes coordonnées?",0
ah ah on a découvert le jeu de manière atypique nous deux XD c'est marrant j'ai pas le rapport de combat...,0
"Salut cher voisine,

he he tu es bien kimi de la FYW ?

",0
Y a du vrai ^^,0
"Bonsoir,on est voisin alors ce serait plus productif de s'allier tu en penses quoi?",0
A quoi servent les superviseurs déja ?,0
Y a eu des chocapics ?,0
Ola la compagnie ;),0
J'ai un petit bug. Mon nombre de rapport qui me reste à lire est négatif.,0
"on peut rien tp pour l'instant j'ai essaye avec mes sondes impossibles
",0
ldrrr,0
"Je suis bien d'accord, vivement que le vrai pillage commence :D",0
"Bonjour Irsloo,

Je remarque que Zygote, ma base, ne se trouve pas très loin de Gallifreiy. J'espère que nous pourrons trouver un terrain d'entente à l'avenir. Entre Aldeïdes, il faut savoir s'entre-aider.

Aeternus, fondateur de la colonie Zygote.",0
s'est pas facile,0
enfin servira :),0
salut tout le monde,0
"Si vous avez des questions précises, vous pouvez les poser ici, je suis sûr que on sera plusieurs anciens bêta testeurs qui pourront vous aider ;)",0
Bonjour,0
comment vas tu? :D,0
Tu va lancer un raid d'ici peu je suppose :p,0
Pourquoi tu t'adresses aux gens de Titans sur le canal général ?,0
yo,0
Enfaite sur alba les 3/4 des grosses alliances sont alliées ^^,0
Je suis en 1:97:38,0
Base,0
Bonsoir Apollo,0
Yo pelo smbp,0
9 c'est deja bien philo :),0
50k crédits,0
bonne appetit maitresse nemesis ,0
"Bonsoir,
Je pense comprendre que nous avons les mêmes but pour l'avenir de nos style de jeu respectif. 
Une fois nos alliances en place nous mettrons au clair les accords sur lequel nous pourrons nous entendre. 
Je vous souhaite une bonne évolution en attendant.

Bonne nuit/soirée ",0
XD je pense la créer se soir :p,0
moroo,0
Bonsoir,0
"La planète a un facteur social de 100.00 % et la position sociale de votre base est de 0.00 % par rapport à  la moyenne, vos taxes sont donc minorées de 100.00 %.",0
Bonjour je suis nouveau je découvre ;),0
Que dit tu si l'on rejoint l'alliance existante sur alba :) ?,0
Humpf on peut plus rien faire là ,0
trop cher a fabriquer pour le moment pour moi les 2 cargos ... ,0
merci de l'accueil,0
Bonjour Alba !,0
"non aucun contextede guerre, je parle de ce que fait floux sur sa planete",0
Ah ok ;). On est donc 2 vétéran lol. J'étais chef d'alliance dans les alphas les SMBP on etait basé sur alba. On a fini bien classer :). Et la les autres sont dispersés de partout,0
oui sa fait plaisir la pour le moment c nikel ici,0
l'heure est venue,0
kapola protege moi,0
dite moi je suis nouveaux et ce jeu et un peu comme ogame mais en dynamique ?,0
"Ah Greg tu as bien reçu ton premium ?
",0
Shini ils sont en jeu les overmind là  ?,0
Adénaïde,0
Slt,0
"ave, j ai un passe z-42 a echanger contre un de chronos merci des reponces",0
"Salut salut ! Si vous cherchez une alliance dont le but est de coloniser la planète ultime, Xérès, on vous attend dans l'alliance ""  Xérès Settlers Organization   "". Sont prévu RP, fun, commerce, politique, guerre, enfin tout les moyens qui nous permettrons d'être les premiers à coloniser Xérès. Un site et un forum seront mis en place si y'a assez de monde !

Si intéressé, envoyez moi un MP !",0
"J'viens de défoncer des Houds, c'était fameux.",0
"Osef, c'est 100 juste au niveau de l'affichage du pillage lors du lancement de l'attaque, ou t'as vérifié aussi la vraie valeur du pillage après l'attaque ?",0
yop,0
"SuperChaton, komment t'as fait pour être empereur (re-re-sic) ?",1
AM,1
ta gueeeeeeeeeeeeeule !,1
trouve une fille de ton age pour commencer,1
Celle où vous avez sucer Xérès si hard pour avoir leurs flottes ?,1
ovatio a mi chemin avec le chaton,1
"It's a game Nexir, et justement, pas besoin de se comporter comme un connard pour le fun",1
Parce que c'est un connard,1
tu t'appelle Violaine predatruc? parce que c'est un mélange de Viol et de Haine tu es une haineuse qui es née d'un viol surement,1
c'est mon cotés cadauliste,1
candauliste*,1
et merde... ca va encore etre a moi de rentrer dans jill pour le reparer,1
Mais pk ? :O,1
"Bonjour a tous, je vous annonce que le Teamspeak de notre planète a étais crée ! freyr.evxv.net:10070 le mot de passe est : Feniti",1
Parce que bushi est un troll qui comprend pas grand chose de la vie,1
je viens sur ta base je te pille je sodomise ta femme je détruit tes hangars je dégomme tes défenses je broie tes vaisseaux,1
vous vous casser le cul mais nous fr on est a l heure de greewhitch (london) donc casser pas les couille bordel XP,1
ON,1
ARRTEZ AVEC CE PUTAIN DE TAB MERDE,1
une petite merde je crois,1
je m'en tamponne de ta vision du jeu,1
bon jvais baiser et j arrive,1
Je t'énerve?,1
ouin ouin,1
putain de merde,1
shevarash cette fois nous a sorti le suicide,1
moi je film avec mes yeux,1
levrette ?,1
sérieux ça me casse les couilles ce jeu de merde ou rien n'est expliquer,1
lol vieux gars tu sais pas jouer,1
Tes un suceur de noeud ?!,1
on fait une touze,1
kaos je t'ENCULE PD,1
Pour tous ceux qui aiment le trash Pinkie Pie ! https://www.youtube.com/watch?v=5ls_x14_Pbg,1
"Titan cautionne le non remboursement, l'enculage du peuple",1
la grande bouche vous a prévenu et vous l'avez envoyer chiez,1
"la modération, pour faire du zèle, la y'a du monde, pour le reste, il y a la carte bleue",1
"tu me saoule avec le réglement, on vit dans une monde bien réel et on a le droit d'y faire allusion",1
suced boules,1
ou tu es mort,1
c'est un patch anti triche vu les abus de Zarine,1
donc on peut plus crier PENISSSSSSSSSSSSSSSSSSSSSSSS sur ce tchat?,1
une belle bande de chèvre,1
"""vous usurpez mon identité en vous inscrivant sous le pseudo Narine sur twitch""",1
ja ja ein Hund,1
"Non perso le nutella c'est fait pour être tartiner, j'ai tenté pas mal d'expérimental avec et sincèrement avec le miel c'est le pire",1
t'es con ou tu le fais exprès ?,1
"hysté, les tabou ont amené la dynastie lepen, alors qu'on en parle ou pas ça changera rien à l'affaire",1
blindé de connards la bas,1
et je jette tes futurs enfant du 4ème,1
encore un gamin de 14ans il y as que sa chez vous des boutionneus prepubert,1
et tu ontre vraiment a tout le monde que 2 neurones s'agittent seulement dans le bocal,1
"""oups je suis bon dans les vote cool   http://strawpoll.me/4451191 voté pour moi vous serez pas dessus je vous le promet  """,1
"Oui laz, c'était n'importe quoi ce post.",1
alors je precise que j ai rien contre les phoenix juste contre se cretin de ph noir,1
je fais une parralele avec ta mother,1
Dommage que tu n'y soit pas resté... ou qu'a la limite t'en sois pas sorti entre 4 planches,1
Sekhmetnegma c pas une grosse perte apres tout :'),1
vous vous accrochez au pouvoir comme des parasites,1
"bon qui parle cul ici, ca m'interesse",1
par' contre si c'est Zarine ou shevarash qui remonte le patch est fais 1 jours apres,1
"Mais p*** de bor*** de m*** ARRETES DDE TOURNER AUTOUR DU POT ET DE GAGNER DU TEMPS ! Je ne ferais pas l'erreur de te donner une raison de faire la guerre , alors dis clairement que tu e na pas ou donnes la !",1
vas te pendre,1
"entre tes 2 fesses, il y a un petit trou, c'est là",1
Tu te bran*** ?,1
Parce que tu est un con,1
legande?,1
oupss   salut tout le monde alors,0
coucou zeleph,0
Futur ex perso,0
Eh bien il est ici ! ,0
la jr suis mal non ?,0
Bonsoir à tous. Enfin de retour sur Alba ;),0
merci de votre compréhension ,0
"Venant d'arriver sur la planète je me fais un devoir de venir saluer mes voisins.

J'espère que vous prospèrerez au maximum votre cité.

Amicalement
Tyrack",0
"Salut voisin, j'ai reçu ta demande aussi pour ton alliance, l'idée est pas mal du tout, laisse moi le temps de prendre connaissance de l'environnement du jeu etc et je reviens vers toi.",0
o/,0
ah ben t'es venu the ghost ^^,0
"Salut mec, je suis en alliance avec un ancien aestrial il me dit que t'es sympa. Ça te dis qu'on reste en paix tous les deux, comme deux bons voisins civilisés ? J'ai du fromage de chèvre si tu veux !",0
hello,0
non,0
"ok dac :DDDD
merci ;)",0
"il y a un chat in game si ces de sa que tu parles :)  ( en haut a droite )
",0
Yo,0
pas mal Mormaz ^^,0
j'ammeliore mes mine de Neutronium aqelle niv car je vien de commencer a jouer XD,0
slt drogbezark,0
bonsoir,0
bonsoir,0
bien merci :),0
ah a risque ou pas ?,0
celle de mon tuto a bien disparue,0
/ dreamteam,0
hello,0
Yep toute les interfaces se mélange entre les combat ma base et l'exploration un vrai bordel Oo,0
bonsoir ;),0
"Bonjour à  tous, et merci de nous avoir invité.",0
"Nop j'ai déjà, ça fait 1 semaine que je monte un gros rp avec tous les anciens beta",0
"Déjà le bordel mdr
",0
fauti-il que je t'envoi les ressources ? avec plusieurs cargos ou 1 seul ?,0
"vu les présentation du jeu et les video , on devrait apprendre tres tres tres vite",0
okey merci vous deux,0
"Bonjour! Rien de spécial à dire, je te souhaite juste bonne chance dans ton projet planétaire en tant que voisin.

Bon jeu! =)",0
"Bonjour  Moh ! La raison de ce message est tout simplement de passer un accord de paix afin de ne pas s'attaquer mutuellement. 

Salutation,Laosan",0
les ga je suis nouvaux,0
"ah, si qqun a déjà  fouillé il ne restera plus rien ? Il faut donc aller qque part perdu non ?",0
On est oblige d'invite quelqu'un ? je suis bloque a cette mission,0
salut a tous,0
"Lu, je suis ton voisin, je sais pas pour toi, mais je prévois pas d'attaquer mes voisins proches, je préfère en faire des alliés, donc j'espère qu'on entretiendra de bonnes relations ! ;)

PS : gg pour le nom de ta base ^^",0
^^,0
"@Mhymir: Oui, c'est bon. J'ai quitté chez moi pour aller au taf et la cela s'affiche correctement maintenant :)
Maintenant je dois trouver une alliance près de ma base ou tout du moins pas trop loin.",0
slt,0
"Vue se que disse les autre, je doit etre a coter de la plaque xD",0
yop skarn,0
"J'aurai du aller sur Z-42, je n'ai pas eu la médaille des 100 colo, ca veut dire que des gens sont deja repartis",0
yolo,0
(lvl 5 évidament),0
expliquer un peu le message ^^,0
Elle est sympa :),0
"Bonjour Aldeïde Jeyangel,

Je n'en espère pas moins.

Zarine",0
Bien merci,0
toi aussi ma caille,0
"Je suis tout a fait d'accord sur le principe d'être une planète unis, c'est pourquoi j'ai créé La Lumière de Néo.",0
vous connaissez chibipandaa ?,0
salut so :),0
salutation,0
"arf...bon je vais attendre en loup solitaire alors.
",0
ouaaais xD,0
je partage avec ronron  :),0
"mais bon, ce que j'entends est instructif pour moi et va m'aider dans mes décisions finales",0
quelqu'un pour débatre des filiales djihadistes ?,1
oui c'est interdit mais les joueur sont du niveaux de bushi grand geul mais des tafioles !,1
ovatio penses ce que tu veux t'as juste pas de baballs mais que des mots,1
ma ptite Hystoukette t'as bobo à tes floflottes cro kriste,1
fuck you,1
juste le je m'en foutisme qui règne chez les devs,1
LyonSuperScreen pratique league of PrintScreen,1
jvousbeze izi,1
communauté à la con qui gache le jeu,1
des admin qui ns dident uoi faire lol,1
Tu veux dire perd? Tu veux un Bescherelle?,1
"non même pas, y a ceux qui savent perdre et accepter la défaite et ceux qui savent pas et acceptent pas",1
n'engage pas SuperChaton sa le traumatiserai de ce faire une nouvelle fois viré,1
C'est quoi encore se drama ? ce jeu c'est du n'importe quoi que des fiottes sérieux,1
ramène ta base alliance sur Titan et reviens au gouvernement sinon je te jure que ça va ch**** !!,1
"Mes des idiots sur , Harakis",1
A la recherche d'un plan cul,1
"Ce qu'il ne comprenne pas c'est que plus de gens me mutent, plus ça veut dire que ça les emmerdent lol",1
j'vais chialer aux devs pour récup mon ongle ça marche toujours tkt,1
"donc, est-ce que je pourrais avoir un des gérants de jeu de merde",1
Mhymir nous fait pas ton Zarine stp,1
"agno , regarde on acceuille des gens qui foutent le bordels , quelque temps après il y a des meutres ,... moi je dis la france est entrain de se faire pigeon comme à chaque fois",1
non mais sans etres méchant et vous manquez de respct ?vous etes con ou vous etes con ?,1
Je conspire ! http://prntscr.com/7u7l1q,1
jles ai sucer bim!!!!,1
Y A QUE COMME SA QUE VOUS SAVEZ LIRE DESOLER,1
t'as pas pris des cours de courage toi SuperChaton,1
Achtung Admin,1
"sent les pieds fumants de l'histérique à des Km ... : ""Les gars! Vous étonnez pas si votre cul sent pas bon!""",1
"yuuki laisse tomber, mossieur veut une coalition planétaire pour protéger SON cul",1
ouais viens on les baises zinc a ouais ??,1
les Arabes sont pas des saints non plus,1
elle est bonne préda phoenix641,1
SuperChaton j'ai mon p'tit frère ki m'embête tu peux pas envoyer une ou deux bombes atomiques sur lui s'il te plaît ?,1
wsh direct il veux y aller en mode levrette,1
qui decidais qui hériterai des batards?,1
jaime la bite,1
Tadomikari je dois sortir les poubelles,1
"je sais pas si tu sais ce que sais, mais avec ton éducation normalement oui",1
tg now,1
Sahaladin bonne nuit plébéiens alors,1
"bien sur, tir au lapin, chuis une cible donc, bah venez, vous aurez pas les c*uille",1
fais chier,1
ils se reconnaitront,1
96% de pertes chez vous et 66% de pertes chez nous bande de noob a la cora,1
Salut supersanscouilles,1
https://www.youtube.com/watch?v=Wx7vKvQ4axQ,1
merde,1
Superviseur des Cimes ? Houds 0 HDS Moroo 4.124.5 Superviseur des Civilisations ? Houds 0 HDS Kalio 8.63.94 Superviseur des Cormophytes ? Houds 0 HDS Moroo 4.38.92 Superviseur des Hydrophytes ? Houds 0 HDS Moroo 4.59.108 Superviseur des Maldives ? Houds 0 HDS Kalio 8.85.102 Superviseur des Marécages ? Houds 0 HDS Moroo 4.9.24 Superviseur des Morts ? Houds 0 HDS Moroo 4.72.111 Superviseur des Océans ? Houds 0 HDS Kalio 8.94.94 Superviseur des Pays Bas ? Houds 0 HDS Kalio 8.85.4 Superviseur des Racines ? Houds 0 HDS Moroo 4.61.127 Superviseur des Rhizomes ? Houds 0 HDS Moroo 4.45.124 Superviseur du Chef Raoni ? Houds 0 HDS Moroo 4.60.26 Superviseur du Jardin du Diable ? Houds 0 HDS Moroo 4.43.38   Superviseur du Marais des Morts ? Houds 0 HDS Moroo 4.94.109 Superviseur du Miocène ? Houds 0 HDS Moroo 4.21.56 Superviseur du Radeau des Cimes ? Houds 0 HDS Moroo 4.28.22 Superviseur du Rameau ? Houds 0 HDS Moroo 4.129.58 Superviseur du Sahara ? Houds 0 HDS Kalio 8.106.106 Superviseur Malsain,1
cora vous e^tes tellement noob que vous avez envoyez en mode pillage XD,1
Partouse partit !,1
"je me contre fou de ce que tu trouve mieux, je n'ai pas l'intention d'etre poli avec toi, viking !",1
La coalision t'ordonne de répondre Lyonsyper,1
que ce sois Zarine et sheva du coup comme c'est eux pop le patch est fait direct,1
t'es complètement con ...,1
je t'emmerde je suis directe moi,1
allez pas tous ca mais ma mere me demande de deco pck mon pere veux matter un porno sur You**** avec ma ptit soeur. Bn les gens,1
exl si tu veux on peut se voir irl mais je tegarantis que tu vas pas aimer guignol,1
"Siren : Non, c'est bien trop drôle de troll un mec le dimanche matin",1
maintenant quand on sait pas jouer on vient pas se plaindre avec des termes juridique aussi fort et que la modération cesse de donner raisons à ce genre d'enfantillage,1
#DingoNoob,1
rien a foutre,1
non moi c'est toujours bloqué... pas juste y en a ils sont privilégiés,0
"y a des ""matinals"" ... ceux sont les même que hier soir ? ou cette nuit ?",0
"Déjà, je pense que l'on peut former une coalition des alliance de Néo, qu'en pensez vous ?",0
Bonjour a vous !^^,0
toi tu regardes trop la tv...,0
Je eput te demander un truc?,0
puis La base de Praxia offre ses salutations au peuple des houds,0
"Je vous ai envoyé une requête d'alliance car je ne sais pas comment accepté la demande!

Cordialement",0
j'ai découvert au sud de ma position glbus qui m'a l'air simpatique pour l'instant...,0
Un monde meillieur !,0
salut,0
coucou,0
ca depend sur quel jeu tu joues ^^,0
Ahahah c'est super :D heureux de recommencer :p,0
le chat fait miaou,0
wtf une pluie de pepite,0
OUI  ne viander po chez moi que de la viande  halALLtroppkCHAIRE po cuite et po griller et sang origineannimal que du soleil noir aller plutot chez red de ville LA au moins c'est propre et organiser,0
Merci tout de même :),0
"Bonsoir !
Avec plaisir oui, l'idée d'une éventuelle alliance me paraît intelligente !
Cordialement
Everdeen",0
"Bonjour tout le monde
",0
"Bonsoir à  tous. Nouvel habitant sur Alba, fan de Jessica ? Cette alliance est faite pour vous. Oh Jessica, nous voilà  !",0
et jeune si possible,0
joueur* Le camps de Houds est pillable mais avec le coffre d'un micron on va pas loin,0
"Voici la discussion privé de l'alliance.

Si vous avez des infos ou des trouvailles sur les richesses et les secrets d'Alba, postez les en priorité ici, nos éminents scientifiques travaillerons sur vos trouvailles.",0
c'est pas gentils tout ca :'(,0
YEAH,0
ou un pass chronos ?,0
de musique?,0
Ben il y a aussi ceux qui vont bientôt aller au taf et qui doivent se lever tôt.,0
Je découvre un peu le jeu encore :). Je sais pas si je vais être très performant sur le début,0
"Je voyais plus un irc ou rencontrer les gens et le staff "" hors game "" avec un vrai client irc, mais merci c'est déjà un début :)",0
salut les gars,0
Hello :),0
y a une fleche quand je v sur ma mine de nutroniume qui pointe une barre horyzontale  et quand je clic sa fait rien,0
desoler,0
Bonjour,0
"Salut !

Je remarque que nous sommes voisin !  Pour le bien de notre planète, je propose qu'il n'y ait aucun conflit entre nous et je te propose de rejoindre mon alliance en construction.

Pour la suite, à toi de décider !

A bientôt,

Nominoë",0
"Plus depuis quelques années, je peux pas le réinstaller ce soir mais à l'occasion ça peut se faire !",0
Moi aussi  mais il est bon  d'avoir de bonne relation avec ses voisin  Je te propose donc  des accord s de non agression  entre nous ,0
Salut tout le monde,0
cherche une alliance  sur thoruse,0
:(,0
Bonsoir à  tous et à  toutes .,0
"Salut Morgan,

je ne sais pas si tu te souviens de moi. je vois que tu recréés ton alliance ;)
On reste en contact !",0
Oups... A côté de moi il y a le numéro 2 de la planète.. 26ème au classement général ^^;,0
"Coucou !

alors ce démarrage ?",0
Namelistone à invité le(s) cyborg(s) Kiranes dans la discussion,0
Bonsoir. Y a til un responsable de Moroo Industry ?,0
plop all,0
faut avouer que singed c'est pas non plus le sommet du fun,0
"hello, merci :)",0
wtf,0
"Non les nombres affichés sont strictement les memes depuis que j'ai activé la quete. les données affichées sont celles du jour du depart de ma quete, elle s'est pas update depuis",0
lu msieur dames,0
"Comment ca se fait que certain ont un contour or? ^^
",0
Bonjour,0
et je rend hommage a mon pays,0
:) zhyzhy mon copain :),0
Bonsoir ca se passe merci.,0
Salut tout le monde la forme ?,0
Oui j'ai bien vu mais faut aussi avoir une excellent défense sinon on a rien à vendre :p,0
"passe le bonjour vocal à Serena .... 
",0
salut je suis nouveau ^^,0
"Génial go SO 
",0
bonjour,0
yo,0
Bonsoir,0
oui les space marine ,0
Je peux être des vôtres :),0
Adgj à invité le(s) cyborg(s) woolies dans la discussion,0
il nous fallait un poète on l'as :p,0
"Si je sors pas la cb, je n'aurais qu'un seul slot de chaque ou les bâtiments en créeront ?",0
"En fait là  manque plus que le tout dernier truc à  faire par les devs, mais ils sont un peut débordés en ce moment ^^ mais ça arrive",0
Sahaladin laisse ma tête et arrêtes de me tirer les cheveux je sais comment faire tkt,1
"Pas grave, des moins intelligents se sont fait réélire",1
retourner a vos divaguation et raconté d autre connerie et autre ailleurs svp,1
Ma Testicule A Des Problèmes ... Je fais quoi ?,1
http://www.koreus.com/modules/news/article18796.html MDR,1
mother fuck,1
non TU te fous de moi,1
#polo2fragile,1
laisse si il veule que des vieux gars dans se jeux,1
"BB_Dog votre empreur a peur de moi :') je lui est fait je sais pas combien de proposition de guerre de pied de nez, je l'est vanner, humilier dans les communiquer a chaque fois c'est on va t'attaquer mais rien",1
Revois tes sources la folle de service,1
Préda donne une pipe en bois à Polo,1
Xx-Hysterik-xX tu dois confondre avec ta fille,1
quand t'aura eu mes mains dtc,1
"http://vict-him.minitroopers.fr C'est un lien de parainage pour un petit jeu, pas besoin d'adresse mail, Désolé du dérangement, tapez pas svp :c",1
1E+045,1
entre testeur et usebugueur y'a un pas,1
Mon Pénis,1
ta maman me dit la meme chose aussi,1
IL faut bien trouver un moyen de revenir,1
"Je vais m'occuper de ton cas, Philippe",1
pénis,1
xxxxxxxxxxxxxxxxxxxxxxxxxxxxxxxxxxxxxppppppppppppppppppppppppppppppppppppppppppppppppppppppppppppppppppptttttttttttttttttttttttttttttttttttttttttttttttttttttttttttttttttdddddddddddddddddddddddddddddddddddddddddddddrrrrrrrrrrrrrrrrrrrrrrrrrrrrrrrrrrrrrrrrrrrrrrrrrrrrr,1
freestyle https://www.youtube.com/watch?v=9rgX3H8ldkw,1
#Predatrillétrée,1
#C'estfaciledes'enfoncerundicodanslesfessesHysté,1
éparpillez-bien vos flottes les Dingo avec vos  représailles qui n'ont de sens et d'impact sur mes bases que face au vide dans lequel votre stupidité se complait,1
"A ca niveau, je veut actuellement Pisser sur le cadavre de catho, donc si, j'en suis a ce point",1
bon nuit fdp,1
tu vas me faire bander,1
"aller les consanguins, on recommence, plus foooort !",1
non vas y je fou le dawa je sais qui joue ici c baltringues de merde,1
bande de voyous !!,1
"de toute facon , les mmo sont fait pour les gros con frstré , la je sature !!",1
http://www.yuuki.cz/fr/homepage,1
cocu!,1
"la taille de mon saiks n'a d'égale que la plus grande de fahr (ha on me dit que c'est une planète de petits saiks, mayrde  )",1
bonne à tout faire,1
ZGGGGGGGGGGGGGGGGGGGGGGGGGGGGGGGGGGGGGGGGGGGGGGGGGGGGGGGGGGGGGGGGGGGGGEG,1
Jahzz t'es pas loin gros noob,1
Oui prete moi donc ton clavier que je te l'éclate en pleine gueule,1
vous êtes juste des gens qui veulent faire chier ?,1
maintenant je vais devoir re-payer à cause d'une boulette supplémentaire ... fais chier x),1
on a pas besoin de fantome qui se foutent de notre gueule et disent qu'on est des incapable !,1
"les pauvres on deja assez souffert avec toi , je n'en ferais rien",1
"Evites de de comporter comme un chiot Harakis, on ne te parlera plus comme tel.",1
SuperChaton on ce fait pas tous viré,1
Il ne reste que les connards sur cette planète,1
BARREZ VOUS DE MON SALON !!,1
#VousAvezDeLaGueuleJusteDerrièreVotreEcran,1
"Bref, Zlaks, tu casses les couilles",1
"changer votre disque  Luppus , moi, je ne fais aps de propagande  comme vous : Vous êtes un haineux , pauvre de vous !!je ne serais aps à votre botte",1
"""Mais pourquoi est ce que j'ai une érection ?""",1
C'est pas le nutella que je regarde avec envie perso,1
GamaJo il faudra escusez monsieur Exl il a besoin de voir un docteur je crois,1
"http://vict-him.minitroopers.fr C'est un lien de parainage pour un petit jeu, pas besoin d'adresse mail, Désolé du dérangement, tapez pas svp :c NE ME TAPEZZZ PAS :c",1
"Si la taille est réellement proportionnelle à l'âge, Yuuki va prendre sévère ...",1
Bon a quand la guerre les grosse merde?,1
J'espère que tu as fait des super screen,1
A ce con la...,1
"Oh ca alors, un enfoiré",1
putin vous ete dans ljeux pis pk jirai mcoucher cher moi il est juste 17h25 et oui bitch le canada,1
Néo s'est plains y'a 1 mois,1
mes houds sont pd,1
encore un event de merde,1
tkt BB faut pas parler au c*** ca pourrait les instruire,1
8=====D O: ca c du detail,1
elle est sans doute comme toi,1
sa mère,1
zeus porte tes roubignoles,1
"bah si tu n'y crois pas, casses toi",1
C'est sur hysté. Fille facile,1
"je construit mon spatio-port
",0
Oui c'est bon mon tuto c'est bloquer tout seul >,0
La bourse planétaire ca reste un bon plan?,0
Il a pas été élu n'empeureuse à  76% des voix ?,0
"elle est trop bien
",0
Merci ils font par contre créer la basa aliiance qui coute tres chere donc je pourrais pas le faire dans l'immédiat :^p,0
"arf skype sur ce PC ne fonctionne plus ... je dois prendre le portable pour pouvoir utiliser skype et je ne vais pas le faire maintenant ... je vais aller dormir ...
c'est bizarre, les niveaux d'évolution avancent beaucoup trop vite par rapport à la dernière fois",0
"Si vous n'êtes pas satisfaits de ces changements, changelog et forum !",0
au départ on peu créer que 2 batiment puis faut les monter pour en construire d'autre ?,0
Moi juste un tabernaque,0
"ça va tu gères bien le jeu
beaucoup de latence au début hein ? :)",0
"ha non je ne le savais 
tu peux développer ?",0
slt,0
oui ^^,0
trouvé ^^,0
"je t'ai ajouter sur ma conv, pour l'instant on a pas encore crée la base alliance",0
Pour la radio,0
"Pas la peine, une fois le dos tourné, elle colporte de vils rumeurs à votre sujet.

Il vous suffit d'attendre que le Maître de la Confédération accepte votre demande.",0
"ahaha bien jouer on est dans une allaince surtout commerciale
",0
Tu me laisse le superviseur sur Fara stp?,0
La base est surement vide de ressources alors :/,0
Yop pelo,0
"salut comment vas tu?
comme je suis ton voisin je me disais que l'on pourrait peut etre faire connaissance et s'entraider en terme d'astuces ou/et conseils?",0
Un grand plaisir en effet ! :-),0
"En tant que voisin ne serais t'il pas envisageable de s'allier afin de faire face a la Beta dans les meilleurs conditions possible ?
Il ma traverser l'esprit d'explorer le cote ""politique"" de ce jeu, vrai nouveauté du genre. Joindre ma futur ""alliance"" vous parait il envisageable ?

Cordialement Duper de Perdu",0
Lu Fredjo,0
salut Cedric,0
salut a tous,0
"Lu le méchant LMPz :)
Donne tes coo chéri moi : 5.328.62

Targum 5.296.69
Obé 5.259.53
fredjo 5.249.51",0
"cap etude prochain nom de base :)
",0
dur dur...,0
ça a l'air ! ^^,0
"Du coup, c'est quoi un profil doré ? (ou jaune je sais pas) Ha et merci de l'invitation :)

",0
"ok, merci, je testerais ca",0
cc :),0
bonjour comment on supprime son compte svp ?,0
"miss, mais slt quand meme ^^",0
Bon réveil.,0
je vais finir par te trouver a force d'explorer autour de chez moi ^^,0
"Coucou
Cool ^^
Ce sera avec plaisir :-)

bisous",0
si on en crée une on est tous chef !,0
Salutations distinguées chères collègues !,0
ont c'est tous fait avoir mdr,0
slt tlm,0
Qui cherche une alliance ?,0
c est toi qui m a dit que tu était une vielle peau ^^,0
"Bonjour tout le monde, n'hesitez pas à  venir faire partager sur le forum ( https://forum.spaceorigin.fr/forum.php ) les plus belles pages de votre lutte acharnée contre les Houds! On vous attend pour vous présenter, débattre ou développer vos RP, à  bientôt",0
c'est normale qu'on me sonde xD,0
salut,0
"salut ca va a part que sa arrette planter
mais bon normal ya du monde",0
BONJOUR,0
est-ce qu'il est possible de construire tous les batiments dans la ville principale? o.o,0
"Salut,
Franchement coolos tout ça! :) ",0
est ce que qlq pe me dire ou son les parametre svp,0
V pour vendetta?,0
ah oui sais vrai ^^,0
"Hey ! Bonjour voisin.
Je suis plus pour la paix que la guerre, donc si tu reste amical avec moi on devrais pouvoir cohabiter.
Voir même s'aider à l'occasion, il faut voir ça.
Si tu as des questions n'hésite pas.
Réponds à ce message, merci.

Nhoctambule.",0
"j'ai 5 heure de décalage, donc le truc est à  la rue dés qu'on s'éloigne d'avignon...",0
"Le même nombre de superviseurs par alliance, de plus, aucuns conflits entre nous, nous donnerons un avantages sur les autres planètes, sur le long termes sa ne peut-être que bénéfique",0
bonjour  a tous,0
:),0
coeur d atichot a la moutarde a l ancienne il est bon ;:),0
a chasser l'empereur hood de leur planete,0
"Hello à tous et Welcome dans la Ligue des Cités Autonomes ! On est là pour jouer, s'amuser, contrôler le monde et faire du commerce ! Ça vous va ? :D",0
"Que dis tu Superchaton ?  ""dur à avaler"" ah... du scoop ?",1
on en a rien a foutre des modo,1
SuperChaton ?,1
C'est toi ordure?,1
enfin au moins je sais à qui j'ai affaire,1
"lamuserie : c'était le petit moment ""je joue avec ma bouboule préféré"" et on la range avec ses DMV dans l'ingore list",1
lol tu dois aimer sa la saucisse,1
Xx-Hysterik-xX tu la bouges ta flotte du sv de crios ou je te la poutre ?,1
oui je suis modo,1
alors casses toi,1
Au pire les orions et les lca ils se le fous au cul!,1
:):):):):):):):):):):):):):):):):):):):):):):):):):):):):):):):):):):):):):):):):):):):):):):):):):):):):):):):):):):):):):):):):):):):):):):):):):):):):):):):):):):):):):):):):):):):):):):):):):):):):):):):):):):):):):):):):):):):):):):):):):):):):):):):):):):):):):):):):):):):):):):):):):):):):):):):):):):):):):):):):):):):):):):):):):):):):):):):):):):):):):):):):):):):):):):):):):):):):):):):):):):):):):):):):):):):):):):):):):):):):):):):):):):):):):):):):):):):):):):):):):):):):):):):):):):):):):):):):):):):):):):):):):):):):):):):):):):):):):):):):):):):):):):):):):):):):):):):):):):):):):):):):):):):):):):):):):):):):):):):):):):):):):):):):):):):):):):):):):):):):):):):):):):):):):):):):):):):):):):):):):):):):):):):):):):):):):):):):):):):):):):):):):):):):):):):):):):):):):):):):):):):):):):):):):):):):):):):):):):):):):):):):):):):):):):):):):):):):):):):):):):),1
"Zlaks, on peut passer sur un autre chanel? une des lopette a a te parler, petit con",1
tg toi,1
a ton travail,1
et t'es pas du gouvernement à ce que je sache donc te mele pas à ces histoires de filous,1
T'es trop forte Impératrice,1
"http://www.materielmedical.fr/CT-2284-brancard-civiere.aspx ca en fait du choix , ca me donne des idées cadeaux ... oups wrong chan",1
elle a du faire un bébé toute seul,1
http://www.monzoo.net/index.php?deco,1
Connard,1
enfoiré !!!!!!!,1
"oh mais tu te crois ou le bouffon d'archontes, respecte un peu",1
tout un staff qui s'occupe 1 : de me casser les c****,1
allez tous vous faire enculé putin de merde,1
tu parle comme une pute pour rien dire,1
déjà qu'ils pleurent quand tu les attaquent de façon rentable.. maintenant si tu les tapent juste pour l'xp..,1
Hysté ouin ouin ?,1
comment oserais tu mettre la Bible satanique à la poubelle,1
pfff non merci avec la taille de sa teub vé rien sentir,1
"""oups je suis bon dans les vote cool  http://strawpoll.me/4451191 voté pour moi vous serez pas dessus je vous le promet """,1
Putain ça y est mes salopes qui fuient à 1minutes 21 tout le monde les voient non putain coup de fouet ce soir pour toutes mes prométhées la HONTE,1
tout le monde est fou ou con,1
fiotte fiotte fiotte,1
"disons que les mots employés dans le post d'origine, n'avaient pas leur place",1
HOUNDS = CONNARd,1
ta bouche et ramasse,1
"ministre de l'interieur mes couilles, quand je l'aurais vidé de ses tripes, on fera plus la différence entre l'interieur et l'exterieur",1
"""et leche le cul jill""",1
:') ne verse pas des larmes SuperChaton,1
Et si je révises comment raser la base d'un casse couille  ?,1
Merdeeeeeee,1
"ils sont vraiment cons --""",1
biiiiite,1
"non le but n'est pas de comparer mais de dire que le Pet (P) d'empereur que nous avons fait ce qu'il s'ensuit, de la merde",1
je voulais venir dire bonjour,1
ta gueule,1
NOSTO SUCE MA CAWOTTE,1
https://www.youtube.com/watch?v=Wx7vKvQ4axQ,1
"SuperChaton, si j'lance une ataque sur mon fils, tu t'en mêles ?",1
"Forcément, vu que tu ne la pas comprise, t'écraser est le meilleur choix",1
vous prener du chite ou quoi,1
tu sais pas jouer c'est clair bon ?,1
ou les mégalos,1
sinon c tout le monde que je baise,1
tocard,1
tu cherche juste a enculé les mouches et faire du profit,1
merde --',1
Minatoi : les paranos,1
Bunker Buster 15 Houds 0 HDS Kalio 8.46.17 Bunker d'Absolom 11 Houds 0 HDS Moroo 4.89.91 Bunker d'Absolom 2 Houds 0 HDS Moroo 4.16.17 Bunker d'Alexandrie 10 Houds 0 HDS Moroo 4.120.119 Bunker d'Alsos 1 Houds 0 HDS Moroo 4.48.116 Bunker d'Eng 15 Houds 0 HDS Kalio 8.78.108 Bunker d'Orlock 1 Houds 0 HDS Moroo 4.54.46 Bunker de Babylone 10 Houds 0 HDS Moroo 4.16.50 Bunker de Babylone 11 Houds 0 HDS Moroo 4.74.73 Bunker de Dinotopia 10 Houds 0 HDS Moroo 4.85.48 Bunker de Dodone 2 Houds 0 HDS Moroo 4.117.86 Bunker de Lucus 2 Houds 0 HDS Moroo 4.83.14 Bunker de Saal 15 Houds 0 HDS Kalio 8.110.111 Bunker des Djinns 10 Houds 0 HDS Moroo 4.119.52 Bunker du Miroir 2 Houds 0 HDS Moroo 4.81.121 Bunker du Miroir 2 Houds 0 HDS Moroo 4.82.121 Bunker Hill 15 Houds 0 HDS Kalio 8.78.13 Bunker Maléfique 1 Houds 0 HDS Moroo 4.48.85 Bunker Ramo 15 Houds 0 HDS Kalio 8.43.78 Core Houds 15 Houds 0 HDS Moroo 4.91.75 Houds ? Houds 0 HDS Moroo 4.119.86 Houds Noob #34971 16 Houds 0 HDS Moroo 4.12.17 Houds Noob #34,1
fuk u tooi*,1
Xx-Hysterik-xX :') t'es tellement grosse que tu compte pr 13 ? c'est le fait de porter tes gosses ?,1
"La voix de Yuuki, le physique de Predatrice sympa le programme",1
Le titan part trop vite!,0
enfin si... plaisir pour le gagnant,0
"d'après vous, il vaut mieux se baser sur la valeur estimative d'un booster ou son cout de fabrication pour le vendre sur le marché?",0
"Ok
",0
XD,0
moi je viens de commencer je suis dans la salle info de l'internat,0
salut a tous,0
merci,0
Atilla je ne pense pas que ce sera toi mais sait t'ont jamais,0
slt,0
cege,0
Assez bien le jeux! malheureusement trop de chose payant encore une fois un jeux qui sera mort d'ici 3 MOIS.,0
ca marche,0
J'ai découvert deux voisins de plus.,0
"les pylones ont vaincus, c'est tout simple, plus de reres^^",0
salut a tous !,0
Bonjour voisin !!!,0
allez ! je m y mets,0
c'est cheaté mdr,0
:D,0
"n'hésite pas a recruter pour l'alliance :) je suis en relation avec toutes les autres alliances de la planète, on s'arrange pour les supervisseur",0
Oui à l'alpha je te propose si sa t'interesse de te proteger ta base contre quelques ressources :p,0
c'est le bunker de Peary que tu attaque ? ,0
"Merci mais cela ne fonctionne pas, il sont grisé",0
bonjour à  tous,0
Nos pensées sont vôtre... Mais un poète à la verve biaisée...,0
J'ai le cul entre 2 chaises ^^,0
mwouai le serveur ram solide j'arrive meme pas a entrer dans mon compte,0
Ha donc tout va bien par contre l'interface bug à mort pour moi la je sais même pas si je vais pouvoir continuer ,0
Jokam Merci de l'info ^^,0
"Salutations matinales,

Nos ouïes furent sensibles à votre désir d'obtenir une information qui vous serait chère à l'image des substantiels revenus que vous pourriez en tirer après un accidentel pillage.

Or, par un heureux hasard ayant frappé à mon seuil, il semble que nous soyons en mesure de vous confirmer les coordonnées exactes  du Roi Soleil.

Si votre vux fusse sincère, nous pourrions nous entendre...
",0
On se fait une entente de paix ? commerce et tout ce qui va avec?,0
Si sa t'interesse je peut proteger ta base contre des ressources si tu veut :p,0
comment ont peut parlé en PV,0
salut,0
Netsu ?,0
bjr à  tous,0
bonsoir à  tous,0
"Salut
",0
bonjour voisin!,0
Hello,0
Non non il y a très longtemps je jouais à OGAME,0
:-),0
sarakir : IDF,0
t'inquiete je viendrai farm ta ville tres bientot :D,0
ah non pas dela,0
"Oh, un Tarvitz.",0
Une autre alliance sur notre belle planète ^^,0
yo,0
j'ai seulement vu Titan ^^,0
hello,0
ok,0
super et toi?,0
bonsoir,0
et déjà  on me pointe du doigt !!!,0
Bonsoir,0
"Ok, dans ce cas je les contacterai ce soir également =)",0
a j'ai rien dit,0
"Nihaal, est-ce un houds que vous avez attaqué ? Un houds hive ?",0
Bonjour !,0
un mois c rien pour changer des mecanismes de jeu;),0
oui je sais,0
"bonjour, comment va t-on sur la carte planétaire",0
bonsoir à tous et bon jeu ... pour ma part je suis agréablement surpris ... rdv demain,0
ok meme suprimer la base pour la remaitre sur une autre planet ??,0
"J'y pensai déjà plus au marché... 
Mais la protection dure combien de temps?
",0
"je n'ai pas besoin d'alliés sur place, je préfère des alliés sur d'autres planètes, plus intéressant

je referai mon alliance perso Micro Possesseurs. Sinon, j'envisage de faire une base secondaire sur fahr dès que possible, donc on sera comme alliés. De toute façon toutes mes connaissances sont sur Fahr. Néo, c'est juste pour les échanges de production :)",0
"as you want, on peut aussi s'allier avec tes potes, je vais surement en ramener aussi donc pourquoi pas démarrer ensemble ? c'est toi qui vois ^^",0
"d'accord tu pourras me laisse l'autre , j'ai envois 1 vaisseau pour regarde ce qui a dedans",0
coucou,0
plusieur manière de joué,0
sry rien a voir fausse manip,0
bonsoir à  tous,0
Il y a déjà des accords et tout alors que le jeu n'a que quelques heures ^^,0
lol,0
ouah t'inquiete pas j'ai une grosse flotte mais une petite BIIIITE,1
pas une gamine qui va me faire fermer mon cmlapet,1
"moi c'est michel, t'es dan sle porno XX asterix",1
je parle pas de ta mère qui aurait pas du te laisser naitre donc ferme ta bouche,1
thomaslens grâce à ton chayf maintenant c'est #edenfragile,1
Houds Noob #60831 18 Houds 0 HDS Moroo 4.25.95 Houds Noob #62436 19 Houds 0 HDS Moroo 4.106.109 Moroo Houds Killers 5 Moroo Houds Killers 138 - Moroo 4.54.57 Portail de Kalio 1 Houds 0 HDS Kalio 8.72.69 Portail de Moroo 4 Houds 0 HDS Moroo 4.76.90 Socket Houds #84732 3 gattaca 306 EXILE Kalio 8.41.72 Socket Houds #84747 2 Houds 0 HDS Kalio 8.68.4 Socket Houds #84748 4 Shadownest 195 DREAM Kalio 8.68.22 Socket Houds #84749 2 Houds 0 HDS Kalio 8.87.3 Socket Houds #84750 2 Houds 0 HDS Kalio 8.85.7 Socket Houds #84770 2 Houds 0 HDS Kalio 8.72.87 Socket Houds #84771 2 Houds 0 HDS Kalio 8.87.84 Socket Houds #84772 2 Houds 0 HDS Kalio 8.88.90 Socket Houds #84773 2 Houds 0 HDS Kalio 8.68.101 Socket Houds #84777 2 Houds 0 HDS Kalio 8.70.121 Socket Houds #84779 2 Houds 0 HDS Kalio 8.89.117 Socket Houds #84780 2 Houds 0 HDS Kalio 8.87.123 Socket Houds #84781 2 Houds 0 HDS Kalio 8.100.5 Socket Houds #84782 2 Houds 0 HDS Kalio 8.104.10 Socket Houds #84818 2 Houds 0 HDS Kalio 8.99.100 Socket Houds #,1
Petitpain arrete d'insulté mon invité. Les fiottes dans ton genre n'ont pas le droit à la parole.,1
"j'crois que vous avez un sérieux problème de vocabulaire. C'est pas ""couvent"" et ""monastère"" les mots à employer mais harem et partouze géante (et vous faites ce que vous voulez avec vos carottes, on veut pas savoir)",1
BA QUOI D'AUTRE ALORS ?,1
de xeres ? de Kalio ? RIEN A FOUTRE DES DEUX !!!,1
ECHANGE UNE FILLE CONTRE NOSTO DANS L ALLIANCE (FUTUR EMPEREUR),1
"prof tu t'es trompé de coté, tu aurais du être du coté des dev ... donc reste a ta place qui est la tienne pour le bien de la planete je suis dure mais je le fait pour la planete c'est qu'on a besoin en cette période sombre ou la guerre peut peter de tout les cotés",1
WAAAAAAAAAAAAAAAAAAOOOOOOOOOU,1
mais ne menace pas ou fait porte tes ******,1
"jill, si tu te reveilles pas, je vais etre obliger de te violer",1
CA FAIT CHIER SURTOUT.,1
fait chier,1
"C'est vrai, en plus j'oubliais que parler aux C*** ça les instruient, je le referais plus Hysté XD",1
Très dépressive la météo..,1
"Suggestion de noms pour votre gang girly ""The sexy Dark Muses of the dead who eat the cat""",1
Essaye avec *Se mets du titane dans le *****,1
je t'emmerde,1
#nonrespect,1
KGENBMNGDBSB,1
VOUS ALLEZ BOUGEZ DU GOUVERNEMENT DE TITAN  LES METAH ET LES CHRONOS !!!,1
? Houds 0 HDS Kalio 8.71.22 Superviseur d'Attalea ? Houds 0 HDS Moroo 4.7.95 Superviseur d'Eucaryota ? Houds 0 HDS Moroo 4.59.92 Superviseur d'Hallé ? Houds 0 HDS Moroo 4.59.79 Superviseur d'Halophila ? Houds 0 HDS Moroo 4.90.24 Superviseur d'Hessdalen ? Houds 0 HDS Thorus 1.119.21 Superviseur d'Hura ? Houds 0 HDS Moroo 4.26.78 Superviseur d'Igapo ? Houds 0 HDS Moroo 4.10.81 Superviseur d'Instabilité ? Houds 0 HDS Thorus 1.88.41 Superviseur d'Oligocène ? Houds 0 HDS Moroo 4.8.61 Superviseur d'Onde ? Houds 0 HDS Thorus 1.103.24 Superviseur d'organite ? Houds 0 HDS Moroo 4.41.55 Superviseur d'Ur ? Houds 0 HDS Kalio 8.102.6 Superviseur d'Uzupis ? Houds 0 HDS Kalio 8.108.118 Superviseur d'Édison ? Houds 0 HDS Thorus 1.23.22 Superviseur d'Épiphyte ? Houds 0 HDS Moroo 4.72.23 Superviseur de Bombax ? Houds 0 HDS Moroo 4.6.107 Superviseur de Calice ? Houds 0 HDS Moroo 4.114.60 Superviseur de Carapa ? Houds 0 HDS Moroo 4.24.109 Superviseur de Carex ? Houds 0 HDS Moroo 4.75.40 Superviseur de Cli,1
la c'est du foutage de gueule,1
"la bande de con au gouvernement on envoyé notre flotte de la capitale en soutien de Metah  ... du coup, on a plu de flotte .... BANDE DE CON de Dwarfi et co",1
Et défendre mon steach,1
? Houds 0 HDS Moroo 4.127.89 Superviseur de l'Atlas ? Houds 0 HDS Kalio 8.84.118 Superviseur de la Biodiversité ? Houds 0 HDS Moroo 4.98.98 Superviseur de la Biomasse ? Houds 0 HDS Moroo 4.77.123 Superviseur de la Canopée ? Houds 0 HDS Moroo 4.9.6 Superviseur de la Forêt de Brocéliande ? Houds 0 HDS Moroo 4.91.45 Superviseur de la Forêt de Fangorn ? Houds 0 HDS Moroo 4.41.10 Superviseur de la Forêt de Sherwood ? Houds 0 HDS Moroo 4.130.124 Superviseur de la Forêt Interdite ? Houds 0 HDS Moroo 4.61.5 Superviseur de la Jungle ? Houds 0 HDS Moroo 4.23.41 Superviseur de la Limbe ? Houds 0 HDS Moroo 4.128.28 Superviseur de la Photosynthèse ? Houds 0 HDS Moroo 4.100.67 Superviseur de la Toundra ? Houds 0 HDS Moroo 4.112.7 Superviseur de la Tourbe ? Houds 0 HDS Moroo 4.96.129 Superviseur de Madagascar ? Houds 0 HDS Kalio 8.70.100 Superviseur de Norvège ? Houds 0 HDS Kalio 8.58.100 Superviseur de Nouvelle Calédonie ? Houds 0 HDS Kalio 8.73.120 Superviseur de Palud ? Houds 0 HDS Moroo 4.75.62 S,1
"Il n'est plus en page 1 du classement depuis hier, ça l'a tellement démotivé qu'il part le lendemain",1
"Tu nous menaces depuis tt à l'heure, t'as perdus tes balls?",1
"""je joue avec ma bouboule préféré"" chacun est libre de faire ce qu'il veut de son corps aucun soucis",1
alal fuck les modo,1
Zarine a réussi son coup  il nous a trollé puis il est parti,1
ferme là à tout jamais,1
"bonjour les petits loups , rupture de pampers! c'est les gens de Kalio qu'ont tout prévu pour cette nuit  parceque qu'il vont bien se faire dessus",1
"gattaca y a encore des exiles dispo ? pour m'envoyer leur flotte en soutient sur la capital, c'est l'espace de quelques jours que je termine mes experiences au gaz toxique sur le peuple",1
"j'ai un respect enorme pour l'ensemble des joueurs de la communauté, si on exclue les roux qui pensent pouvoir ecraser notreplanete en recevant des fleurs sur leur passage",1
Parler au c.. ça les instruit,1
A PART A RIDDICK ET AU FDP DE KAOS je precise,1
sérieux mais ferme la toi !!!,1
Blackcalimero il prends des cumshot sans respect,1
"Savez vous comment on appel une personne qui trahi ces alliés ""amis"" un fourbe, un menteur arriviste sans paroles ? On ne protège peut être pas qu'avec des mots mais un homme comme un cyborg n'a qu'une parole et la trahir montre le peu d'honneur de celui-ci ! on appel cela un woolies ! Si tu te sens l'âme d'un traitre alors oui rejoins les ! pas étonnant qu'il y ai de moins en moins de joueurs ! amusez vous bien et surtout ne pactisez pas avec n'importe qui, ne vendez pas votre âme au diable !",1
la salle a pute peut tetre,1
et les pedé comme toi on peux?,1
Edward-Teague c'est pas parceque l'on est admin que l'on peut s'autoriser à juger de troll un joueur qui n'est  pas content de la tournure des choses,1
non mais c'est dwarfi là,1
MDR ..... retourne te branler devant ton ordi,1
Salut tete de paille,1
là je t'insulete conard$,1
GG WP A LYONSUPER POUR SA SUPERBE FAUTE SUR SON SLOGAN XD,1
"bon je vous leche, je vais dodo vu que ca parle plus de cul",1
Et pour le poste d'esclave consantant c'est où le C.V. ?,1
http://fr.forgeofempires.com/?invitor_id=1906143&world_id=fr15&ref=player_invite_link,1
"je sais pas, il devait parlé à son entre jambe, vu qu'il parle de déception",1
"je parlais de toi, blaireau alcoolique",1
Touche fesse party,1
oui mais t'es gay jpourrais pas tla mettre moi,1
faut qu'elle soit deja tomber,1
Le Fist,1
BITCHIES,1
alors les barbouzes on veut faire les quékoss ... bande de boloss,1
un peu barjot,1
KAOS SALE FDP PARLE JE VAIS NIQUER TA MERE ¨^,1
"Zarine, entendons nous bien, je ne critique pas le faite que tu remontes les infos, ce que je critique c'est que tu le fais quand ça t'arrange",1
vous etes cons ou quoi ?,1
Alak : Tout doux le chien,1
c'ets sur que ton psudo XX machin reflete bien la maturité,1
bande de troll puants !,1
lvl 20 sur ma baseeeeeeeeeeeeeeeeeeeeeeee,1
JE VEUX PAS DE METAH ET DE CHRONOS AU GOUVERNEMENT DE TITAN !!!,1
tg,1
kami > la majorité de l'alliance GARDE IMPERIALE n'est pas sur titan donc il est mal placé pour ouvrir son clapet le bushi,1
